claim_id,article_id,split,extended_claim_type,confidence,baseline_top1_table_id,assisted_top1_table_id,mapping_hit_table_id,mapping_applied,gold_table_id,gold_source,ab_outcome,ab_status
row17-c0,row17,discovery,numeric,HIGH,,,,,,,,
row17-c1,row17,discovery,superlative,MEDIUM,,,,,,,,
row17-c2,row17,discovery,numeric,HIGH,,,,,,,,
row17-c3,row17,discovery,superlative,HIGH,,,,,,,,
row17-c4,row17,discovery,comparative,MEDIUM,,,,,,,,
row17-c5,row17,discovery,comparative,HIGH,,,,,,,,
row17-c6,row17,discovery,comparative,MEDIUM,,,,,,,,
row19-c0,row19,discovery,numeric,LOW,,,,,,,,
row19-c1,row19,discovery,comparative,MEDIUM,,,,,,,,
row19-c2,row19,discovery,numeric,LOW,,,,,,,,
row19-c3,row19,discovery,numeric,LOW,,,,,,,,
row19-c4,row19,discovery,numeric,MEDIUM,,,,,,,,
row19-c5,row19,discovery,comparative,MEDIUM,,,,,,,,
row19-c6,row19,discovery,numeric,LOW,,,,,,,,
row19-c7,row19,discovery,numeric,LOW,,,,,,,,
row22-c0,row22,discovery,numeric,MEDIUM,,,,,,,,
row22-c1,row22,discovery,threshold,HIGH,,,,,,,,
row22-c2,row22,discovery,comparative,LOW,,,,,,,,
row22-c3,row22,discovery,comparative,MEDIUM,,,,,,,,
row22-c4,row22,discovery,threshold,HIGH,,,,,,,,
row22-c5,row22,discovery,comparative,LOW,,,,,,,,
row22-c6,row22,discovery,comparative,LOW,,,,,,,,
row22-c7,row22,discovery,comparative,LOW,,,,,,,,
row22-c8,row22,discovery,trend,MEDIUM,,,,,,,,
row22-c9,row22,discovery,trend,LOW,,,,,,,,
row22-c10,row22,discovery,trend,LOW,,,,,,,,
row22-c11,row22,discovery,comparative,MEDIUM,,,,,,,,
row22-c12,row22,discovery,threshold,HIGH,,,,,,,,
row23-c0,row23,discovery,numeric,MEDIUM,,,,,,,,
row23-c1,row23,discovery,superlative,MEDIUM,,,,,,,,
row23-c2,row23,discovery,comparative,HIGH,,,,,,,,
row30-c0,row30,discovery,numeric,LOW,,,,,,,,
row30-c1,row30,discovery,numeric,LOW,,,,,,,,
row30-c2,row30,discovery,numeric,MEDIUM,,,,,,,,
row30-c3,row30,discovery,numeric,LOW,,,,,,,,
row30-c4,row30,discovery,comparative,LOW,,,,,,,,
row30-c5,row30,discovery,numeric,MEDIUM,,,,,,,,
row30-c6,row30,discovery,comparative,MEDIUM,,,,,,,,
row30-c7,row30,discovery,comparative,MEDIUM,,,,,,,,
row30-c8,row30,discovery,numeric,LOW,,,,,,,,
row30-c9,row30,discovery,numeric,LOW,,,,,,,,
row30-c10,row30,discovery,numeric,LOW,,,,,,,,
row30-c11,row30,discovery,numeric,MEDIUM,,,,,,,,
row30-c12,row30,discovery,comparative,MEDIUM,,,,,,,,
row30-c13,row30,discovery,numeric,MEDIUM,,,,,,,,
row30-c14,row30,discovery,comparative,MEDIUM,,,,,,,,
row49-c0,row49,discovery,numeric,LOW,,,,,,,,
row58-c0,row58,discovery,qualitative,UNKNOWN,,,,,,,,
row58-c1,row58,discovery,numeric,MEDIUM,,,,,,,,
row69-c0,row69,discovery,numeric,MEDIUM,,,,,,,,
row69-c1,row69,discovery,qualitative,UNKNOWN,,,,,,,,
row69-c2,row69,discovery,superlative,LOW,,,,,,,,
row69-c3,row69,discovery,qualitative,UNKNOWN,,,,,,,,
row71-c0,row71,discovery,numeric,LOW,,,,,,,,
row71-c1,row71,discovery,numeric,MEDIUM,,,,,,,,
row71-c2,row71,discovery,comparative,LOW,,,,,,,,
row71-c3,row71,discovery,comparative,LOW,,,,,,,,
row71-c4,row71,discovery,comparative,LOW,,,,,,,,
row71-c5,row71,discovery,comparative,LOW,,,,,,,,
row72-c0,row72,discovery,numeric,HIGH,,,,,,,,
row72-c1,row72,discovery,numeric,MEDIUM,,,,,,,,
row72-c2,row72,discovery,numeric,HIGH,,,,,,,,
row75-c0,row75,discovery,superlative,MEDIUM,,,,,,,,
row75-c1,row75,discovery,qualitative,UNKNOWN,,,,,,,,
row75-c2,row75,discovery,numeric,MEDIUM,,,,,,,,
row75-c3,row75,discovery,qualitative,UNKNOWN,,,,,,,,
row75-c4,row75,discovery,qualitative,UNKNOWN,,,,,,,,
row75-c5,row75,discovery,numeric,LOW,,,,,,,,
row90-c0,row90,discovery,numeric,MEDIUM,,,,,,,,
row90-c1,row90,discovery,superlative,MEDIUM,,,,,,,,
row90-c2,row90,discovery,numeric,HIGH,,,,,,,,
row90-c3,row90,discovery,numeric,HIGH,,,,,,,,
row90-c4,row90,discovery,numeric,MEDIUM,,,,,,,,
row90-c5,row90,discovery,numeric,MEDIUM,,,,,,,,
row90-c6,row90,discovery,numeric,MEDIUM,,,,,,,,
row132-c0,row132,discovery,numeric,LOW,,,,,,,,
row132-c1,row132,discovery,comparative,MEDIUM,,,,,,,,
row132-c2,row132,discovery,numeric,LOW,,,,,,,,
row132-c3,row132,discovery,numeric,LOW,,,,,,,,
row151-c0,row151,discovery,numeric,LOW,,,,,,,,
row151-c1,row151,discovery,numeric,MEDIUM,,,,,,,,
row151-c2,row151,discovery,numeric,MEDIUM,,,,,,,,
row151-c3,row151,discovery,numeric,MEDIUM,,,,,,,,
row151-c4,row151,discovery,threshold,MEDIUM,,,,,,,,
row162-c0,row162,discovery,numeric,MEDIUM,,,,,,,,
row162-c1,row162,discovery,qualitative,UNKNOWN,,,,,,,,
row162-c2,row162,discovery,numeric,MEDIUM,,,,,,,,
row181-c0,row181,discovery,comparative,MEDIUM,,,,,,,,
row181-c1,row181,discovery,comparative,MEDIUM,,,,,,,,
row198-c0,row198,discovery,comparative,MEDIUM,,,,,,,,
row198-c1,row198,discovery,numeric,MEDIUM,,,,,,,,
row198-c2,row198,discovery,qualitative,UNKNOWN,,,,,,,,
row200-c0,row200,discovery,numeric,HIGH,,,,,,,,
row200-c1,row200,discovery,numeric,MEDIUM,,,,,,,,
row200-c2,row200,discovery,threshold,MEDIUM,,,,,,,,
row200-c3,row200,discovery,numeric,MEDIUM,,,,,,,,
row200-c4,row200,discovery,comparative,MEDIUM,,,,,,,,
row201-c0,row201,discovery,comparative,HIGH,,,,,,,,
row201-c1,row201,discovery,comparative,HIGH,,,,,,,,
row201-c2,row201,discovery,numeric,HIGH,,,,,,,,
row201-c3,row201,discovery,numeric,HIGH,,,,,,,,
row201-c4,row201,discovery,numeric,MEDIUM,,,,,,,,
row201-c5,row201,discovery,numeric,MEDIUM,,,,,,,,
row201-c6,row201,discovery,numeric,HIGH,,,,,,,,
row201-c7,row201,discovery,numeric,MEDIUM,,,,,,,,
row201-c8,row201,discovery,numeric,LOW,,,,,,,,
row201-c9,row201,discovery,numeric,LOW,,,,,,,,
row201-c10,row201,discovery,numeric,MEDIUM,,,,,,,,
row203-c0,row203,discovery,numeric,MEDIUM,,,,,,,,
row203-c1,row203,discovery,comparative,MEDIUM,,,,,,,,
row203-c2,row203,discovery,numeric,MEDIUM,,,,,,,,
row203-c3,row203,discovery,qualitative,UNKNOWN,,,,,,,,
row203-c4,row203,discovery,comparative,MEDIUM,,,,,,,,
row203-c5,row203,discovery,comparative,MEDIUM,,,,,,,,
row203-c6,row203,discovery,comparative,MEDIUM,,,,,,,,
row203-c7,row203,discovery,comparative,HIGH,,,,,,,,
row206-c0,row206,discovery,numeric,MEDIUM,,,,,,,,
row206-c1,row206,discovery,numeric,MEDIUM,,,,,,,,
row206-c2,row206,discovery,comparative,MEDIUM,,,,,,,,
row206-c3,row206,discovery,numeric,MEDIUM,,,,,,,,
row206-c4,row206,discovery,qualitative,UNKNOWN,,,,,,,,
row211-c0,row211,discovery,numeric,MEDIUM,,,,,,,,
row211-c1,row211,discovery,comparative,MEDIUM,,,,,,,,
row211-c2,row211,discovery,numeric,MEDIUM,,,,,,,,
row211-c3,row211,discovery,numeric,MEDIUM,,,,,,,,
row211-c4,row211,discovery,comparative,MEDIUM,,,,,,,,
row211-c5,row211,discovery,numeric,MEDIUM,,,,,,,,
row211-c6,row211,discovery,numeric,MEDIUM,,,,,,,,
row211-c7,row211,discovery,threshold,MEDIUM,,,,,,,,
row211-c8,row211,discovery,comparative,MEDIUM,,,,,,,,
row211-c9,row211,discovery,qualitative,UNKNOWN,,,,,,,,
row211-c10,row211,discovery,numeric,MEDIUM,,,,,,,,
row211-c11,row211,discovery,numeric,MEDIUM,,,,,,,,
row211-c12,row211,discovery,comparative,MEDIUM,,,,,,,,
row211-c13,row211,discovery,numeric,MEDIUM,,,,,,,,
row211-c14,row211,discovery,numeric,LOW,,,,,,,,
row211-c15,row211,discovery,comparative,LOW,,,,,,,,
row211-c16,row211,discovery,comparative,MEDIUM,,,,,,,,
row211-c17,row211,discovery,comparative,MEDIUM,,,,,,,,
row240-c0,row240,discovery,numeric,MEDIUM,,,,,,,,
row240-c1,row240,discovery,numeric,MEDIUM,,,,,,,,
row240-c2,row240,discovery,numeric,MEDIUM,,,,,,,,
row240-c3,row240,discovery,numeric,MEDIUM,,,,,,,,
row240-c4,row240,discovery,numeric,MEDIUM,,,,,,,,
row240-c5,row240,discovery,numeric,MEDIUM,,,,,,,,
row240-c6,row240,discovery,numeric,MEDIUM,,,,,,,,
row240-c7,row240,discovery,numeric,MEDIUM,,,,,,,,
row269-c0,row269,discovery,numeric,LOW,,,,,,,,
row269-c1,row269,discovery,qualitative,UNKNOWN,,,,,,,,
row269-c2,row269,discovery,comparative,MEDIUM,,,,,,,,
row272-c0,row272,discovery,qualitative,UNKNOWN,,,,,,,,
row272-c1,row272,discovery,numeric,MEDIUM,,,,,,,,
row272-c2,row272,discovery,trend,MEDIUM,,,,,,,,
row272-c3,row272,discovery,numeric,MEDIUM,,,,,,,,
row276-c0,row276,discovery,numeric,HIGH,,,,,,,,
row276-c1,row276,discovery,comparative,HIGH,,,,,,,,
row276-c2,row276,discovery,numeric,MEDIUM,,,,,,,,
row276-c3,row276,discovery,numeric,HIGH,,,,,,,,
row276-c4,row276,discovery,comparative,MEDIUM,,,,,,,,
row278-c0,row278,discovery,superlative,HIGH,,,,,,,,
row278-c1,row278,discovery,qualitative,UNKNOWN,,,,,,,,
row278-c2,row278,discovery,trend,LOW,,,,,,,,
row278-c3,row278,discovery,superlative,MEDIUM,,,,,,,,
row278-c4,row278,discovery,numeric,MEDIUM,,,,,,,,
row278-c5,row278,discovery,trend,LOW,,,,,,,,
row278-c6,row278,discovery,numeric,HIGH,,,,,,,,
row278-c7,row278,discovery,threshold,HIGH,,,,,,,,
row278-c8,row278,discovery,trend,HIGH,,,,,,,,
row282-c0,row282,discovery,numeric,MEDIUM,,,,,,,,
row288-c0,row288,discovery,numeric,LOW,,,,,,,,
row288-c1,row288,discovery,numeric,MEDIUM,,,,,,,,
row288-c2,row288,discovery,numeric,MEDIUM,,,,,,,,
row288-c3,row288,discovery,numeric,LOW,,,,,,,,
row291-c0,row291,discovery,numeric,HIGH,,,,,,,,
row291-c1,row291,discovery,comparative,LOW,,,,,,,,
row291-c2,row291,discovery,comparative,LOW,,,,,,,,
row291-c3,row291,discovery,comparative,HIGH,,,,,,,,
row291-c4,row291,discovery,trend,MEDIUM,,,,,,,,
row291-c5,row291,discovery,trend,LOW,,,,,,,,
row291-c6,row291,discovery,trend,HIGH,,,,,,,,
row291-c7,row291,discovery,comparative,MEDIUM,,,,,,,,
row291-c8,row291,discovery,trend,LOW,,,,,,,,
row294-c0,row294,discovery,numeric,HIGH,,,,,,,,
row294-c1,row294,discovery,numeric,HIGH,,,,,,,,
row294-c2,row294,discovery,numeric,HIGH,,,,,,,,
row294-c3,row294,discovery,comparative,HIGH,,,,,,,,
row294-c4,row294,discovery,numeric,MEDIUM,,,,,,,,
row306-c0,row306,discovery,trend,HIGH,,,,,,,,
row306-c1,row306,discovery,trend,HIGH,,,,,,,,
row306-c2,row306,discovery,numeric,HIGH,,,,,,,,
row306-c3,row306,discovery,comparative,LOW,,,,,,,,
row306-c4,row306,discovery,comparative,LOW,,,,,,,,
row307-c0,row307,discovery,comparative,HIGH,,,,,,,,
row307-c1,row307,discovery,numeric,MEDIUM,,,,,,,,
row307-c2,row307,discovery,numeric,LOW,,,,,,,,
row307-c3,row307,discovery,comparative,LOW,,,,,,,,
row307-c4,row307,discovery,comparative,MEDIUM,,,,,,,,
row307-c5,row307,discovery,comparative,LOW,,,,,,,,
row307-c6,row307,discovery,comparative,LOW,,,,,,,,
row307-c7,row307,discovery,comparative,HIGH,,,,,,,,
row307-c8,row307,discovery,comparative,MEDIUM,,,,,,,,
row307-c9,row307,discovery,comparative,HIGH,,,,,,,,
row311-c0,row311,discovery,numeric,MEDIUM,,,,,,,,
row311-c1,row311,discovery,comparative,MEDIUM,,,,,,,,
row311-c2,row311,discovery,superlative,LOW,,,,,,,,
row311-c3,row311,discovery,numeric,MEDIUM,,,,,,,,
row332-c0,row332,discovery,numeric,MEDIUM,,,,,,,,
row332-c1,row332,discovery,numeric,MEDIUM,,,,,,,,
row332-c2,row332,discovery,comparative,LOW,,,,,,,,
row332-c3,row332,discovery,threshold,MEDIUM,,,,,,,,
row332-c4,row332,discovery,comparative,LOW,,,,,,,,
row337-c0,row337,discovery,numeric,LOW,,,,,,,,
row337-c1,row337,discovery,comparative,MEDIUM,,,,,,,,
row337-c2,row337,discovery,numeric,MEDIUM,,,,,,,,
row353-c0,row353,discovery,numeric,MEDIUM,,,,,,,,
row353-c1,row353,discovery,numeric,MEDIUM,,,,,,,,
row353-c2,row353,discovery,comparative,MEDIUM,,,,,,,,
row353-c3,row353,discovery,numeric,HIGH,,,,,,,,
row353-c4,row353,discovery,numeric,LOW,,,,,,,,
row353-c5,row353,discovery,numeric,MEDIUM,,,,,,,,
row353-c6,row353,discovery,numeric,MEDIUM,,,,,,,,
row353-c7,row353,discovery,numeric,MEDIUM,,,,,,,,
row353-c8,row353,discovery,superlative,MEDIUM,,,,,,,,
row367-c0,row367,discovery,trend,LOW,,,,,,,,
row367-c1,row367,discovery,numeric,LOW,,,,,,,,
row367-c2,row367,discovery,comparative,LOW,,,,,,,,
row367-c3,row367,discovery,comparative,MEDIUM,,,,,,,,
row367-c4,row367,discovery,comparative,HIGH,,,,,,,,
row367-c5,row367,discovery,numeric,LOW,,,,,,,,
row367-c6,row367,discovery,trend,HIGH,,,,,,,,
row367-c7,row367,discovery,superlative,HIGH,,,,,,,,
row371-c0,row371,discovery,numeric,LOW,,,,,,,,
row371-c1,row371,discovery,numeric,MEDIUM,,,,,,,,
row371-c2,row371,discovery,threshold,LOW,,,,,,,,
row371-c3,row371,discovery,qualitative,UNKNOWN,,,,,,,,
row371-c4,row371,discovery,numeric,MEDIUM,,,,,,,,
row371-c5,row371,discovery,qualitative,UNKNOWN,,,,,,,,
row382-c0,row382,discovery,numeric,LOW,,,,,,,,
row382-c1,row382,discovery,numeric,MEDIUM,,,,,,,,
row382-c2,row382,discovery,superlative,MEDIUM,,,,,,,,
row382-c3,row382,discovery,comparative,MEDIUM,,,,,,,,
row382-c4,row382,discovery,comparative,LOW,,,,,,,,
row382-c5,row382,discovery,comparative,MEDIUM,,,,,,,,
row382-c6,row382,discovery,trend,HIGH,,,,,,,,
row382-c7,row382,discovery,comparative,MEDIUM,,,,,,,,
row398-c0,row398,discovery,qualitative,UNKNOWN,,,,,,,,
row398-c1,row398,discovery,comparative,LOW,,,,,,,,
row398-c2,row398,discovery,comparative,LOW,,,,,,,,
row415-c0,row415,discovery,qualitative,UNKNOWN,,,,,,,,
row415-c1,row415,discovery,qualitative,UNKNOWN,,,,,,,,
row415-c2,row415,discovery,numeric,MEDIUM,,,,,,,,
row415-c3,row415,discovery,comparative,MEDIUM,,,,,,,,
row415-c4,row415,discovery,qualitative,UNKNOWN,,,,,,,,
row415-c5,row415,discovery,numeric,MEDIUM,,,,,,,,
row415-c6,row415,discovery,numeric,LOW,,,,,,,,
row415-c7,row415,discovery,comparative,MEDIUM,,,,,,,,
row458-c0,row458,discovery,comparative,LOW,,,,,,,,
row458-c1,row458,discovery,comparative,LOW,,,,,,,,
row459-c0,row459,discovery,numeric,MEDIUM,,,,,,,,
row459-c1,row459,discovery,comparative,MEDIUM,,,,,,,,
row459-c2,row459,discovery,numeric,HIGH,,,,,,,,
row462-c0,row462,discovery,numeric,HIGH,,,,,,,,
row462-c1,row462,discovery,comparative,MEDIUM,,,,,,,,
row462-c2,row462,discovery,numeric,HIGH,,,,,,,,
row462-c3,row462,discovery,comparative,LOW,,,,,,,,
row462-c4,row462,discovery,comparative,HIGH,,,,,,,,
row462-c5,row462,discovery,comparative,HIGH,,,,,,,,
row462-c6,row462,discovery,comparative,MEDIUM,,,,,,,,
row462-c7,row462,discovery,comparative,HIGH,,,,,,,,
row462-c8,row462,discovery,numeric,MEDIUM,,,,,,,,
row462-c9,row462,discovery,comparative,LOW,,,,,,,,
row462-c10,row462,discovery,trend,LOW,,,,,,,,
row472-c0,row472,discovery,numeric,LOW,,,,,,,,
row472-c1,row472,discovery,numeric,LOW,,,,,,,,
row472-c2,row472,discovery,comparative,LOW,,,,,,,,
row472-c3,row472,discovery,numeric,MEDIUM,,,,,,,,
row473-c0,row473,discovery,numeric,HIGH,,,,,,,,
row473-c1,row473,discovery,threshold,MEDIUM,,,,,,,,
row473-c2,row473,discovery,numeric,HIGH,,,,,,,,
row474-c0,row474,discovery,numeric,HIGH,,,,,,,,
row474-c1,row474,discovery,numeric,MEDIUM,,,,,,,,
row474-c2,row474,discovery,numeric,LOW,,,,,,,,
row474-c3,row474,discovery,numeric,MEDIUM,,,,,,,,
row474-c4,row474,discovery,numeric,MEDIUM,,,,,,,,
row474-c5,row474,discovery,qualitative,UNKNOWN,,,,,,,,
row474-c6,row474,discovery,trend,LOW,,,,,,,,
row474-c7,row474,discovery,comparative,HIGH,,,,,,,,
row474-c8,row474,discovery,trend,HIGH,,,,,,,,
row474-c9,row474,discovery,comparative,HIGH,,,,,,,,
row474-c10,row474,discovery,comparative,HIGH,,,,,,,,
row474-c11,row474,discovery,comparative,LOW,,,,,,,,
row474-c12,row474,discovery,comparative,MEDIUM,,,,,,,,
row474-c13,row474,discovery,comparative,MEDIUM,,,,,,,,
row474-c14,row474,discovery,comparative,HIGH,,,,,,,,
row474-c15,row474,discovery,comparative,HIGH,,,,,,,,
row477-c0,row477,discovery,trend,HIGH,,,,,,,,
row477-c1,row477,discovery,comparative,LOW,,,,,,,,
row477-c2,row477,discovery,comparative,LOW,,,,,,,,
row484-c0,row484,discovery,numeric,MEDIUM,,,,,,,,
row484-c1,row484,discovery,trend,LOW,,,,,,,,
row488-c0,row488,discovery,numeric,HIGH,,,,,,,,
row488-c1,row488,discovery,comparative,MEDIUM,,,,,,,,
row488-c2,row488,discovery,comparative,LOW,,,,,,,,
row488-c3,row488,discovery,numeric,LOW,,,,,,,,
row488-c4,row488,discovery,superlative,MEDIUM,,,,,,,,
row488-c5,row488,discovery,numeric,MEDIUM,,,,,,,,
row492-c0,row492,discovery,numeric,HIGH,,,,,,,,
row492-c1,row492,discovery,comparative,LOW,,,,,,,,
row534-c0,row534,discovery,numeric,LOW,,,,,,,,
row534-c1,row534,discovery,numeric,MEDIUM,,,,,,,,
row534-c2,row534,discovery,qualitative,UNKNOWN,,,,,,,,
row534-c3,row534,discovery,qualitative,UNKNOWN,,,,,,,,
row550-c0,row550,discovery,numeric,MEDIUM,,,,,,,,
row550-c1,row550,discovery,numeric,MEDIUM,,,,,,,,
row550-c2,row550,discovery,comparative,MEDIUM,,,,,,,,
row550-c3,row550,discovery,comparative,MEDIUM,,,,,,,,
row555-c0,row555,discovery,numeric,MEDIUM,,,,,,,,
row555-c1,row555,discovery,comparative,LOW,,,,,,,,
row562-c0,row562,discovery,qualitative,UNKNOWN,,,,,,,,
row562-c1,row562,discovery,qualitative,UNKNOWN,,,,,,,,
row562-c2,row562,discovery,numeric,HIGH,,,,,,,,
row562-c3,row562,discovery,numeric,MEDIUM,,,,,,,,
row562-c4,row562,discovery,qualitative,UNKNOWN,,,,,,,,
row562-c5,row562,discovery,comparative,MEDIUM,,,,,,,,
row562-c6,row562,discovery,qualitative,UNKNOWN,,,,,,,,
row562-c7,row562,discovery,comparative,HIGH,,,,,,,,
row562-c8,row562,discovery,comparative,MEDIUM,,,,,,,,
row562-c9,row562,discovery,numeric,MEDIUM,,,,,,,,
row562-c10,row562,discovery,comparative,MEDIUM,,,,,,,,
row565-c0,row565,discovery,numeric,MEDIUM,,,,,,,,
row565-c1,row565,discovery,numeric,MEDIUM,,,,,,,,
row565-c2,row565,discovery,numeric,MEDIUM,,,,,,,,
row565-c3,row565,discovery,numeric,MEDIUM,,,,,,,,
row565-c4,row565,discovery,threshold,MEDIUM,,,,,,,,
row565-c5,row565,discovery,comparative,MEDIUM,,,,,,,,
row565-c6,row565,discovery,numeric,MEDIUM,,,,,,,,
row565-c7,row565,discovery,threshold,MEDIUM,,,,,,,,
row575-c0,row575,discovery,numeric,HIGH,,,,,,,,
row575-c1,row575,discovery,threshold,LOW,,,,,,,,
row580-c0,row580,discovery,numeric,MEDIUM,,,,,,,,
row580-c1,row580,discovery,comparative,HIGH,,,,,,,,
row580-c2,row580,discovery,comparative,HIGH,,,,,,,,
row580-c3,row580,discovery,comparative,LOW,,,,,,,,
row580-c4,row580,discovery,comparative,LOW,,,,,,,,
row587-c0,row587,discovery,numeric,LOW,,,,,,,,
row587-c1,row587,discovery,numeric,MEDIUM,,,,,,,,
row587-c2,row587,discovery,numeric,MEDIUM,,,,,,,,
row587-c3,row587,discovery,qualitative,UNKNOWN,,,,,,,,
row587-c4,row587,discovery,numeric,LOW,,,,,,,,
row587-c5,row587,discovery,comparative,LOW,,,,,,,,
row587-c6,row587,discovery,numeric,MEDIUM,,,,,,,,
row587-c7,row587,discovery,comparative,HIGH,,,,,,,,
row587-c8,row587,discovery,comparative,MEDIUM,,,,,,,,
row587-c9,row587,discovery,comparative,HIGH,,,,,,,,
row587-c10,row587,discovery,numeric,LOW,,,,,,,,
row603-c0,row603,discovery,numeric,MEDIUM,,,,,,,,
row603-c1,row603,discovery,threshold,MEDIUM,,,,,,,,
row603-c2,row603,discovery,threshold,MEDIUM,,,,,,,,
row603-c3,row603,discovery,threshold,MEDIUM,,,,,,,,
row603-c4,row603,discovery,comparative,MEDIUM,,,,,,,,
row603-c5,row603,discovery,numeric,MEDIUM,,,,,,,,
row620-c0,row620,discovery,numeric,HIGH,,,,,,,,
row620-c1,row620,discovery,superlative,MEDIUM,,,,,,,,
row621-c0,row621,discovery,superlative,MEDIUM,,,,,,,,
row621-c1,row621,discovery,superlative,MEDIUM,,,,,,,,
row621-c2,row621,discovery,comparative,HIGH,,,,,,,,
row627-c0,row627,discovery,comparative,LOW,,,,,,,,
row627-c1,row627,discovery,comparative,MEDIUM,,,,,,,,
row627-c2,row627,discovery,comparative,LOW,,,,,,,,
row627-c3,row627,discovery,comparative,LOW,,,,,,,,
row627-c4,row627,discovery,numeric,LOW,,,,,,,,
row627-c5,row627,discovery,numeric,LOW,,,,,,,,
row627-c6,row627,discovery,comparative,LOW,,,,,,,,
row627-c7,row627,discovery,threshold,MEDIUM,,,,,,,,
row633-c0,row633,discovery,superlative,HIGH,,,,,,,,
row633-c1,row633,discovery,comparative,HIGH,,,,,,,,
row633-c2,row633,discovery,trend,HIGH,,,,,,,,
row633-c3,row633,discovery,numeric,HIGH,,,,,,,,
row634-c0,row634,discovery,comparative,LOW,,,,,,,,
row634-c1,row634,discovery,comparative,MEDIUM,,,,,,,,
row634-c2,row634,discovery,superlative,HIGH,,,,,,,,
row647-c0,row647,discovery,numeric,LOW,,,,,,,,
row647-c1,row647,discovery,numeric,MEDIUM,,,,,,,,
row647-c2,row647,discovery,numeric,LOW,,,,,,,,
row647-c3,row647,discovery,numeric,LOW,,,,,,,,
row651-c0,row651,discovery,threshold,LOW,,,,,,,,
row651-c1,row651,discovery,comparative,MEDIUM,,,,,,,,
row651-c2,row651,discovery,qualitative,UNKNOWN,,,,,,,,
row654-c0,row654,discovery,qualitative,UNKNOWN,,,,,,,,
row654-c1,row654,discovery,numeric,HIGH,,,,,,,,
row654-c2,row654,discovery,comparative,HIGH,,,,,,,,
row654-c3,row654,discovery,comparative,HIGH,,,,,,,,
row659-c0,row659,discovery,numeric,HIGH,,,,,,,,
row659-c1,row659,discovery,numeric,HIGH,,,,,,,,
row659-c2,row659,discovery,comparative,MEDIUM,,,,,,,,
row672-c0,row672,discovery,numeric,MEDIUM,,,,,,,,
row672-c1,row672,discovery,numeric,LOW,,,,,,,,
row672-c2,row672,discovery,superlative,MEDIUM,,,,,,,,
row721-c0,row721,discovery,numeric,MEDIUM,,,,,,,,
row721-c1,row721,discovery,numeric,MEDIUM,,,,,,,,
row721-c2,row721,discovery,comparative,MEDIUM,,,,,,,,
row721-c3,row721,discovery,numeric,MEDIUM,,,,,,,,
row721-c4,row721,discovery,comparative,LOW,,,,,,,,
row721-c5,row721,discovery,comparative,MEDIUM,,,,,,,,
row721-c6,row721,discovery,numeric,LOW,,,,,,,,
row721-c7,row721,discovery,numeric,MEDIUM,,,,,,,,
row721-c8,row721,discovery,numeric,MEDIUM,,,,,,,,
row722-c0,row722,discovery,numeric,MEDIUM,,,,,,,,
row722-c1,row722,discovery,comparative,MEDIUM,,,,,,,,
row722-c2,row722,discovery,superlative,MEDIUM,,,,,,,,
row722-c3,row722,discovery,numeric,MEDIUM,,,,,,,,
row722-c4,row722,discovery,numeric,MEDIUM,,,,,,,,
row722-c5,row722,discovery,numeric,MEDIUM,,,,,,,,
row722-c6,row722,discovery,comparative,MEDIUM,,,,,,,,
row722-c7,row722,discovery,superlative,MEDIUM,,,,,,,,
row722-c8,row722,discovery,numeric,MEDIUM,,,,,,,,
row722-c9,row722,discovery,comparative,MEDIUM,,,,,,,,
row722-c10,row722,discovery,numeric,MEDIUM,,,,,,,,
row722-c11,row722,discovery,numeric,MEDIUM,,,,,,,,
row722-c12,row722,discovery,comparative,HIGH,,,,,,,,
row722-c13,row722,discovery,qualitative,UNKNOWN,,,,,,,,
row722-c14,row722,discovery,qualitative,UNKNOWN,,,,,,,,
row722-c15,row722,discovery,numeric,LOW,,,,,,,,
row722-c16,row722,discovery,comparative,MEDIUM,,,,,,,,
row722-c17,row722,discovery,numeric,MEDIUM,,,,,,,,
row724-c0,row724,discovery,numeric,LOW,,,,,,,,
row724-c1,row724,discovery,numeric,LOW,,,,,,,,
row726-c0,row726,discovery,numeric,MEDIUM,,,,,,,,
row726-c1,row726,discovery,comparative,LOW,,,,,,,,
row734-c0,row734,discovery,qualitative,UNKNOWN,,,,,,,,
row734-c1,row734,discovery,qualitative,UNKNOWN,,,,,,,,
row734-c2,row734,discovery,qualitative,UNKNOWN,,,,,,,,
row734-c3,row734,discovery,superlative,MEDIUM,,,,,,,,
row734-c4,row734,discovery,numeric,LOW,,,,,,,,
row734-c5,row734,discovery,comparative,LOW,,,,,,,,
row734-c6,row734,discovery,comparative,MEDIUM,,,,,,,,
row734-c7,row734,discovery,comparative,HIGH,,,,,,,,
row734-c8,row734,discovery,qualitative,UNKNOWN,,,,,,,,
row734-c9,row734,discovery,qualitative,UNKNOWN,,,,,,,,
row734-c10,row734,discovery,qualitative,UNKNOWN,,,,,,,,
row734-c11,row734,discovery,numeric,MEDIUM,,,,,,,,
row734-c12,row734,discovery,comparative,MEDIUM,,,,,,,,
row734-c13,row734,discovery,numeric,MEDIUM,,,,,,,,
row734-c14,row734,discovery,numeric,MEDIUM,,,,,,,,
row734-c15,row734,discovery,qualitative,UNKNOWN,,,,,,,,
row734-c16,row734,discovery,qualitative,UNKNOWN,,,,,,,,
row735-c0,row735,discovery,comparative,HIGH,,,,,,,,
row735-c1,row735,discovery,comparative,HIGH,,,,,,,,
row735-c2,row735,discovery,comparative,HIGH,,,,,,,,
row735-c3,row735,discovery,comparative,HIGH,,,,,,,,
row735-c4,row735,discovery,comparative,HIGH,,,,,,,,
row735-c5,row735,discovery,superlative,MEDIUM,,,,,,,,
row735-c6,row735,discovery,numeric,LOW,,,,,,,,
row735-c7,row735,discovery,numeric,HIGH,,,,,,,,
row735-c8,row735,discovery,superlative,MEDIUM,,,,,,,,
row735-c9,row735,discovery,numeric,MEDIUM,,,,,,,,
row735-c10,row735,discovery,comparative,LOW,,,,,,,,
row735-c11,row735,discovery,comparative,LOW,,,,,,,,
row736-c0,row736,discovery,superlative,MEDIUM,,,,,,,,
row736-c1,row736,discovery,superlative,MEDIUM,,,,,,,,
row736-c2,row736,discovery,numeric,MEDIUM,,,,,,,,
row739-c0,row739,discovery,comparative,LOW,,,,,,,,
row739-c1,row739,discovery,numeric,LOW,,,,,,,,
row739-c2,row739,discovery,comparative,HIGH,,,,,,,,
row739-c3,row739,discovery,comparative,LOW,,,,,,,,
row739-c4,row739,discovery,superlative,MEDIUM,,,,,,,,
row739-c5,row739,discovery,comparative,LOW,,,,,,,,
row739-c6,row739,discovery,comparative,LOW,,,,,,,,
row739-c7,row739,discovery,comparative,LOW,,,,,,,,
row739-c8,row739,discovery,comparative,LOW,,,,,,,,
row747-c0,row747,discovery,comparative,MEDIUM,,,,,,,,
row747-c1,row747,discovery,numeric,MEDIUM,,,,,,,,
row747-c2,row747,discovery,numeric,LOW,,,,,,,,
row747-c3,row747,discovery,numeric,MEDIUM,,,,,,,,
row748-c0,row748,discovery,qualitative,UNKNOWN,,,,,,,,
row748-c1,row748,discovery,qualitative,UNKNOWN,,,,,,,,
row748-c2,row748,discovery,qualitative,UNKNOWN,,,,,,,,
row748-c3,row748,discovery,comparative,LOW,,,,,,,,
row748-c4,row748,discovery,superlative,LOW,,,,,,,,
row748-c5,row748,discovery,comparative,LOW,,,,,,,,
row748-c6,row748,discovery,trend,HIGH,,,,,,,,
row748-c7,row748,discovery,numeric,MEDIUM,,,,,,,,
row748-c8,row748,discovery,numeric,MEDIUM,,,,,,,,
row748-c9,row748,discovery,comparative,LOW,,,,,,,,
row815-c0,row815,discovery,numeric,MEDIUM,,,,,,,,
row815-c1,row815,discovery,numeric,MEDIUM,,,,,,,,
row815-c2,row815,discovery,numeric,LOW,,,,,,,,
row815-c3,row815,discovery,comparative,HIGH,,,,,,,,
row815-c4,row815,discovery,numeric,MEDIUM,,,,,,,,
row815-c5,row815,discovery,comparative,LOW,,,,,,,,
row815-c6,row815,discovery,comparative,LOW,,,,,,,,
row815-c7,row815,discovery,comparative,LOW,,,,,,,,
row815-c8,row815,discovery,comparative,LOW,,,,,,,,
row817-c0,row817,discovery,comparative,MEDIUM,,,,,,,,
row817-c1,row817,discovery,superlative,LOW,,,,,,,,
row817-c2,row817,discovery,comparative,LOW,,,,,,,,
row817-c3,row817,discovery,numeric,MEDIUM,,,,,,,,
row817-c4,row817,discovery,comparative,MEDIUM,,,,,,,,
row817-c5,row817,discovery,comparative,MEDIUM,,,,,,,,
row817-c6,row817,discovery,comparative,MEDIUM,,,,,,,,
row821-c0,row821,discovery,numeric,MEDIUM,,,,,,,,
row821-c1,row821,discovery,numeric,MEDIUM,,,,,,,,
row821-c2,row821,discovery,comparative,MEDIUM,,,,,,,,
row836-c0,row836,discovery,comparative,MEDIUM,,,,,,,,
row836-c1,row836,discovery,comparative,MEDIUM,,,,,,,,
row836-c2,row836,discovery,trend,MEDIUM,,,,,,,,
row836-c3,row836,discovery,numeric,MEDIUM,,,,,,,,
row836-c4,row836,discovery,threshold,MEDIUM,,,,,,,,
row836-c5,row836,discovery,qualitative,UNKNOWN,,,,,,,,
row836-c6,row836,discovery,numeric,MEDIUM,,,,,,,,
row836-c7,row836,discovery,numeric,LOW,,,,,,,,
row836-c8,row836,discovery,superlative,MEDIUM,,,,,,,,
row836-c9,row836,discovery,numeric,HIGH,,,,,,,,
row836-c10,row836,discovery,numeric,MEDIUM,,,,,,,,
row836-c11,row836,discovery,numeric,MEDIUM,,,,,,,,
row836-c12,row836,discovery,numeric,MEDIUM,,,,,,,,
row836-c13,row836,discovery,numeric,MEDIUM,,,,,,,,
row836-c14,row836,discovery,numeric,MEDIUM,,,,,,,,
row836-c15,row836,discovery,qualitative,UNKNOWN,,,,,,,,
row836-c16,row836,discovery,qualitative,UNKNOWN,,,,,,,,
row836-c17,row836,discovery,qualitative,UNKNOWN,,,,,,,,
row837-c0,row837,discovery,numeric,MEDIUM,,,,,,,,
row837-c1,row837,discovery,numeric,HIGH,,,,,,,,
row837-c2,row837,discovery,numeric,MEDIUM,,,,,,,,
row837-c3,row837,discovery,comparative,MEDIUM,,,,,,,,
row837-c4,row837,discovery,numeric,MEDIUM,,,,,,,,
row837-c5,row837,discovery,numeric,LOW,,,,,,,,
row837-c6,row837,discovery,numeric,LOW,,,,,,,,
row837-c7,row837,discovery,comparative,MEDIUM,,,,,,,,
row837-c8,row837,discovery,numeric,MEDIUM,,,,,,,,
row838-c0,row838,discovery,numeric,MEDIUM,,,,,,,,
row838-c1,row838,discovery,numeric,MEDIUM,,,,,,,,
row838-c2,row838,discovery,numeric,MEDIUM,,,,,,,,
row838-c3,row838,discovery,superlative,HIGH,,,,,,,,
row880-c0,row880,discovery,numeric,MEDIUM,,,,,,,,
row880-c1,row880,discovery,numeric,MEDIUM,,,,,,,,
row880-c2,row880,discovery,numeric,MEDIUM,,,,,,,,
row880-c3,row880,discovery,numeric,MEDIUM,,,,,,,,
row880-c4,row880,discovery,comparative,LOW,,,,,,,,
row880-c5,row880,discovery,superlative,HIGH,,,,,,,,
row880-c6,row880,discovery,numeric,MEDIUM,,,,,,,,
row880-c7,row880,discovery,comparative,MEDIUM,,,,,,,,
row880-c8,row880,discovery,comparative,HIGH,,,,,,,,
row880-c9,row880,discovery,comparative,LOW,,,,,,,,
row888-c0,row888,discovery,numeric,HIGH,,,,,,,,
row888-c1,row888,discovery,comparative,LOW,,,,,,,,
row888-c2,row888,discovery,numeric,MEDIUM,,,,,,,,
row888-c3,row888,discovery,numeric,LOW,,,,,,,,
row888-c4,row888,discovery,comparative,LOW,,,,,,,,
row888-c5,row888,discovery,superlative,LOW,,,,,,,,
row906-c0,row906,discovery,superlative,LOW,,,,,,,,
row906-c1,row906,discovery,numeric,MEDIUM,,,,,,,,
row906-c2,row906,discovery,numeric,HIGH,,,,,,,,
row906-c3,row906,discovery,numeric,LOW,,,,,,,,
row906-c4,row906,discovery,superlative,MEDIUM,,,,,,,,
row914-c0,row914,discovery,comparative,LOW,,,,,,,,
row914-c1,row914,discovery,numeric,LOW,,,,,,,,
row914-c2,row914,discovery,numeric,MEDIUM,,,,,,,,
row914-c3,row914,discovery,numeric,LOW,,,,,,,,
row914-c4,row914,discovery,numeric,LOW,,,,,,,,
row916-c0,row916,discovery,threshold,LOW,,,,,,,,
row916-c1,row916,discovery,numeric,MEDIUM,,,,,,,,
row928-c0,row928,discovery,numeric,MEDIUM,,,,,,,,
row928-c1,row928,discovery,trend,MEDIUM,,,,,,,,
row928-c2,row928,discovery,numeric,MEDIUM,,,,,,,,
row942-c0,row942,discovery,comparative,LOW,,,,,,,,
row942-c1,row942,discovery,numeric,MEDIUM,,,,,,,,
row942-c2,row942,discovery,comparative,LOW,,,,,,,,
row982-c0,row982,discovery,numeric,MEDIUM,,,,,,,,
row982-c1,row982,discovery,comparative,LOW,,,,,,,,
row982-c2,row982,discovery,qualitative,UNKNOWN,,,,,,,,
row982-c3,row982,discovery,numeric,MEDIUM,,,,,,,,
row982-c4,row982,discovery,numeric,MEDIUM,,,,,,,,
row982-c5,row982,discovery,comparative,MEDIUM,,,,,,,,
row982-c6,row982,discovery,numeric,MEDIUM,,,,,,,,
row992-c0,row992,discovery,comparative,MEDIUM,,,,,,,,
row992-c1,row992,discovery,qualitative,UNKNOWN,,,,,,,,
row992-c2,row992,discovery,numeric,MEDIUM,,,,,,,,
row992-c3,row992,discovery,numeric,MEDIUM,,,,,,,,
row995-c0,row995,discovery,numeric,MEDIUM,,,,,,,,
row995-c1,row995,discovery,numeric,MEDIUM,,,,,,,,
row995-c2,row995,discovery,numeric,LOW,,,,,,,,
row995-c3,row995,discovery,numeric,MEDIUM,,,,,,,,
row1004-c0,row1004,discovery,numeric,LOW,,,,,,,,
row1004-c1,row1004,discovery,numeric,LOW,,,,,,,,
row1004-c2,row1004,discovery,numeric,LOW,,,,,,,,
row1004-c3,row1004,discovery,numeric,MEDIUM,,,,,,,,
row1004-c4,row1004,discovery,numeric,LOW,,,,,,,,
row1004-c5,row1004,discovery,numeric,LOW,,,,,,,,
row1009-c0,row1009,discovery,numeric,MEDIUM,,,,,,,,
row1009-c1,row1009,discovery,numeric,MEDIUM,,,,,,,,
row1009-c2,row1009,discovery,numeric,MEDIUM,,,,,,,,
row1020-c0,row1020,discovery,numeric,MEDIUM,,,,,,,,
row1020-c1,row1020,discovery,numeric,MEDIUM,,,,,,,,
row1020-c2,row1020,discovery,numeric,MEDIUM,,,,,,,,
row1020-c3,row1020,discovery,comparative,MEDIUM,,,,,,,,
row1036-c0,row1036,discovery,numeric,MEDIUM,,,,,,,,
row1036-c1,row1036,discovery,numeric,MEDIUM,,,,,,,,
row1036-c2,row1036,discovery,numeric,MEDIUM,,,,,,,,
row1072-c0,row1072,discovery,comparative,LOW,,,,,,,,
row1072-c1,row1072,discovery,comparative,LOW,,,,,,,,
row1072-c2,row1072,discovery,numeric,HIGH,,,,,,,,
row1072-c3,row1072,discovery,comparative,LOW,,,,,,,,
row1072-c4,row1072,discovery,comparative,MEDIUM,,,,,,,,
row1072-c5,row1072,discovery,comparative,LOW,,,,,,,,
row1072-c6,row1072,discovery,comparative,LOW,,,,,,,,
row1072-c7,row1072,discovery,numeric,LOW,,,,,,,,
row1089-c0,row1089,discovery,numeric,HIGH,,,,,,,,
row1089-c1,row1089,discovery,comparative,MEDIUM,,,,,,,,
row1089-c2,row1089,discovery,numeric,MEDIUM,,,,,,,,
row1089-c3,row1089,discovery,numeric,LOW,,,,,,,,
row1089-c4,row1089,discovery,comparative,MEDIUM,,,,,,,,
row1089-c5,row1089,discovery,numeric,HIGH,,,,,,,,
row1089-c6,row1089,discovery,threshold,MEDIUM,,,,,,,,
row1108-c0,row1108,discovery,numeric,MEDIUM,,,,,,,,
row1108-c1,row1108,discovery,numeric,HIGH,,,,,,,,
row1108-c2,row1108,discovery,comparative,MEDIUM,,,,,,,,
row1108-c3,row1108,discovery,numeric,HIGH,,,,,,,,
row1110-c0,row1110,discovery,numeric,HIGH,,,,,,,,
row1110-c1,row1110,discovery,qualitative,UNKNOWN,,,,,,,,
row1110-c2,row1110,discovery,numeric,LOW,,,,,,,,
row1110-c3,row1110,discovery,numeric,HIGH,,,,,,,,
row1110-c4,row1110,discovery,superlative,LOW,,,,,,,,
row1110-c5,row1110,discovery,comparative,MEDIUM,,,,,,,,
row1121-c0,row1121,discovery,numeric,MEDIUM,,,,,,,,
row1121-c1,row1121,discovery,comparative,MEDIUM,,,,,,,,
row1121-c2,row1121,discovery,numeric,MEDIUM,,,,,,,,
row1121-c3,row1121,discovery,numeric,MEDIUM,,,,,,,,
row1121-c4,row1121,discovery,comparative,MEDIUM,,,,,,,,
row1123-c0,row1123,discovery,numeric,MEDIUM,,,,,,,,
row1123-c1,row1123,discovery,numeric,MEDIUM,,,,,,,,
row1123-c2,row1123,discovery,threshold,MEDIUM,,,,,,,,
row1123-c3,row1123,discovery,threshold,MEDIUM,,,,,,,,
row1123-c4,row1123,discovery,comparative,MEDIUM,,,,,,,,
row1123-c5,row1123,discovery,comparative,MEDIUM,,,,,,,,
row1123-c6,row1123,discovery,numeric,MEDIUM,,,,,,,,
row1123-c7,row1123,discovery,numeric,LOW,,,,,,,,
row1123-c8,row1123,discovery,comparative,MEDIUM,,,,,,,,
row1123-c9,row1123,discovery,comparative,MEDIUM,,,,,,,,
row1159-c0,row1159,discovery,numeric,MEDIUM,,,,,,,,
row1159-c1,row1159,discovery,numeric,MEDIUM,,,,,,,,
row1159-c2,row1159,discovery,numeric,HIGH,,,,,,,,
row1159-c3,row1159,discovery,comparative,MEDIUM,,,,,,,,
row1159-c4,row1159,discovery,numeric,MEDIUM,,,,,,,,
row1159-c5,row1159,discovery,numeric,MEDIUM,,,,,,,,
row1161-c0,row1161,discovery,qualitative,UNKNOWN,,,,,,,,
row1163-c0,row1163,discovery,comparative,MEDIUM,,,,,,,,
row1163-c1,row1163,discovery,numeric,HIGH,,,,,,,,
row1163-c2,row1163,discovery,numeric,HIGH,,,,,,,,
row1163-c3,row1163,discovery,numeric,LOW,,,,,,,,
row1163-c4,row1163,discovery,numeric,HIGH,,,,,,,,
row1163-c5,row1163,discovery,numeric,LOW,,,,,,,,
row1163-c6,row1163,discovery,comparative,LOW,,,,,,,,
row1173-c0,row1173,discovery,numeric,MEDIUM,,,,,,,,
row1173-c1,row1173,discovery,numeric,MEDIUM,,,,,,,,
row1189-c0,row1189,discovery,trend,MEDIUM,,,,,,,,
row1189-c1,row1189,discovery,numeric,HIGH,,,,,,,,
row1189-c2,row1189,discovery,comparative,HIGH,,,,,,,,
row1189-c3,row1189,discovery,numeric,MEDIUM,,,,,,,,
row1189-c4,row1189,discovery,comparative,MEDIUM,,,,,,,,
row1189-c5,row1189,discovery,comparative,MEDIUM,,,,,,,,
row1189-c6,row1189,discovery,comparative,LOW,,,,,,,,
row1189-c7,row1189,discovery,comparative,LOW,,,,,,,,
row1189-c8,row1189,discovery,trend,HIGH,,,,,,,,
row1189-c9,row1189,discovery,trend,MEDIUM,,,,,,,,
row1200-c0,row1200,discovery,numeric,MEDIUM,,,,,,,,
row1200-c1,row1200,discovery,numeric,LOW,,,,,,,,
row1202-c0,row1202,discovery,superlative,MEDIUM,,,,,,,,
row1202-c1,row1202,discovery,comparative,LOW,,,,,,,,
row1202-c2,row1202,discovery,comparative,MEDIUM,,,,,,,,
row1202-c3,row1202,discovery,superlative,MEDIUM,,,,,,,,
row1202-c4,row1202,discovery,superlative,MEDIUM,,,,,,,,
row1202-c5,row1202,discovery,comparative,MEDIUM,,,,,,,,
row1202-c6,row1202,discovery,numeric,HIGH,,,,,,,,
row1211-c0,row1211,discovery,comparative,MEDIUM,,,,,,,,
row1211-c1,row1211,discovery,comparative,MEDIUM,,,,,,,,
row1211-c2,row1211,discovery,numeric,MEDIUM,,,,,,,,
row1214-c0,row1214,discovery,numeric,MEDIUM,,,,,,,,
row1214-c1,row1214,discovery,numeric,MEDIUM,,,,,,,,
row1214-c2,row1214,discovery,comparative,MEDIUM,,,,,,,,
row1214-c3,row1214,discovery,numeric,MEDIUM,,,,,,,,
row1214-c4,row1214,discovery,numeric,MEDIUM,,,,,,,,
row1214-c5,row1214,discovery,numeric,MEDIUM,,,,,,,,
row1254-c0,row1254,discovery,qualitative,UNKNOWN,,,,,,,,
row1254-c1,row1254,discovery,qualitative,UNKNOWN,,,,,,,,
row1254-c2,row1254,discovery,comparative,LOW,,,,,,,,
row1278-c0,row1278,discovery,comparative,LOW,,,,,,,,
row1278-c1,row1278,discovery,numeric,MEDIUM,,,,,,,,
row1278-c2,row1278,discovery,qualitative,UNKNOWN,,,,,,,,
row1278-c3,row1278,discovery,numeric,LOW,,,,,,,,
row1278-c4,row1278,discovery,numeric,HIGH,,,,,,,,
row1291-c0,row1291,discovery,superlative,LOW,,,,,,,,
row1291-c1,row1291,discovery,threshold,HIGH,,,,,,,,
row1291-c2,row1291,discovery,comparative,LOW,,,,,,,,
row1291-c3,row1291,discovery,numeric,LOW,,,,,,,,
row1291-c4,row1291,discovery,comparative,LOW,,,,,,,,
row1291-c5,row1291,discovery,superlative,MEDIUM,,,,,,,,
row1302-c0,row1302,discovery,comparative,MEDIUM,,,,,,,,
row1305-c0,row1305,discovery,numeric,MEDIUM,,,,,,,,
row1305-c1,row1305,discovery,numeric,MEDIUM,,,,,,,,
row1315-c0,row1315,discovery,comparative,HIGH,,,,,,,,
row1315-c1,row1315,discovery,comparative,MEDIUM,,,,,,,,
row1335-c0,row1335,discovery,numeric,MEDIUM,,,,,,,,
row1335-c1,row1335,discovery,comparative,MEDIUM,,,,,,,,
row1335-c2,row1335,discovery,comparative,MEDIUM,,,,,,,,
row1335-c3,row1335,discovery,threshold,HIGH,,,,,,,,
row1335-c4,row1335,discovery,comparative,MEDIUM,,,,,,,,
row1335-c5,row1335,discovery,comparative,LOW,,,,,,,,
row1335-c6,row1335,discovery,comparative,MEDIUM,,,,,,,,
row1335-c7,row1335,discovery,comparative,MEDIUM,,,,,,,,
row1335-c8,row1335,discovery,comparative,MEDIUM,,,,,,,,
row1335-c9,row1335,discovery,comparative,MEDIUM,,,,,,,,
row1335-c10,row1335,discovery,comparative,MEDIUM,,,,,,,,
row1357-c0,row1357,discovery,numeric,LOW,,,,,,,,
row1357-c1,row1357,discovery,comparative,LOW,,,,,,,,
row1357-c2,row1357,discovery,numeric,LOW,,,,,,,,
row1357-c3,row1357,discovery,superlative,LOW,,,,,,,,
row1357-c4,row1357,discovery,comparative,LOW,,,,,,,,
row1357-c5,row1357,discovery,numeric,LOW,,,,,,,,
row1363-c0,row1363,discovery,numeric,MEDIUM,,,,,,,,
row1363-c1,row1363,discovery,comparative,MEDIUM,,,,,,,,
row1363-c2,row1363,discovery,threshold,MEDIUM,,,,,,,,
row1363-c3,row1363,discovery,numeric,MEDIUM,,,,,,,,
row1363-c4,row1363,discovery,comparative,MEDIUM,,,,,,,,
row1363-c5,row1363,discovery,numeric,MEDIUM,,,,,,,,
row1363-c6,row1363,discovery,numeric,MEDIUM,,,,,,,,
row1363-c7,row1363,discovery,comparative,MEDIUM,,,,,,,,
row1363-c8,row1363,discovery,qualitative,UNKNOWN,,,,,,,,
row1363-c9,row1363,discovery,numeric,MEDIUM,,,,,,,,
row1371-c0,row1371,discovery,numeric,MEDIUM,,,,,,,,
row1371-c1,row1371,discovery,numeric,MEDIUM,,,,,,,,
row1371-c2,row1371,discovery,comparative,HIGH,,,,,,,,
row1371-c3,row1371,discovery,numeric,MEDIUM,,,,,,,,
row1371-c4,row1371,discovery,numeric,MEDIUM,,,,,,,,
row1371-c5,row1371,discovery,numeric,MEDIUM,,,,,,,,
row1371-c6,row1371,discovery,numeric,HIGH,,,,,,,,
row1371-c7,row1371,discovery,numeric,MEDIUM,,,,,,,,
row1371-c8,row1371,discovery,numeric,MEDIUM,,,,,,,,
row1371-c9,row1371,discovery,numeric,MEDIUM,,,,,,,,
row1371-c10,row1371,discovery,numeric,MEDIUM,,,,,,,,
row1384-c0,row1384,discovery,numeric,LOW,,,,,,,,
row1384-c1,row1384,discovery,numeric,HIGH,,,,,,,,
row1384-c2,row1384,discovery,comparative,LOW,,,,,,,,
row1384-c3,row1384,discovery,numeric,MEDIUM,,,,,,,,
row1384-c4,row1384,discovery,comparative,LOW,,,,,,,,
row1384-c5,row1384,discovery,numeric,MEDIUM,,,,,,,,
row1384-c6,row1384,discovery,numeric,MEDIUM,,,,,,,,
row1388-c0,row1388,discovery,numeric,LOW,,,,,,,,
row1388-c1,row1388,discovery,numeric,MEDIUM,,,,,,,,
row1388-c2,row1388,discovery,threshold,MEDIUM,,,,,,,,
row1388-c3,row1388,discovery,superlative,MEDIUM,,,,,,,,
row1388-c4,row1388,discovery,numeric,MEDIUM,,,,,,,,
row1388-c5,row1388,discovery,numeric,MEDIUM,,,,,,,,
row1390-c0,row1390,discovery,comparative,LOW,,,,,,,,
row1390-c1,row1390,discovery,numeric,LOW,,,,,,,,
row1390-c2,row1390,discovery,comparative,LOW,,,,,,,,
row1390-c3,row1390,discovery,comparative,LOW,,,,,,,,
row1390-c4,row1390,discovery,numeric,MEDIUM,,,,,,,,
row1390-c5,row1390,discovery,numeric,MEDIUM,,,,,,,,
row1390-c6,row1390,discovery,comparative,LOW,,,,,,,,
row1390-c7,row1390,discovery,comparative,MEDIUM,,,,,,,,
row1396-c0,row1396,discovery,numeric,MEDIUM,,,,,,,,
row1396-c1,row1396,discovery,numeric,MEDIUM,,,,,,,,
row1396-c2,row1396,discovery,numeric,MEDIUM,,,,,,,,
row1402-c0,row1402,discovery,numeric,MEDIUM,,,,,,,,
row1402-c1,row1402,discovery,numeric,MEDIUM,,,,,,,,
row1402-c2,row1402,discovery,numeric,MEDIUM,,,,,,,,
row1402-c3,row1402,discovery,superlative,MEDIUM,,,,,,,,
row1402-c4,row1402,discovery,numeric,MEDIUM,,,,,,,,
row1402-c5,row1402,discovery,numeric,MEDIUM,,,,,,,,
row1402-c6,row1402,discovery,numeric,MEDIUM,,,,,,,,
row1402-c7,row1402,discovery,numeric,MEDIUM,,,,,,,,
row1402-c8,row1402,discovery,numeric,LOW,,,,,,,,
row1408-c0,row1408,discovery,numeric,MEDIUM,,,,,,,,
row1408-c1,row1408,discovery,numeric,MEDIUM,,,,,,,,
row1408-c2,row1408,discovery,comparative,MEDIUM,,,,,,,,
row1409-c0,row1409,discovery,comparative,LOW,,,,,,,,
row1414-c0,row1414,discovery,comparative,MEDIUM,,,,,,,,
row1414-c1,row1414,discovery,comparative,LOW,,,,,,,,
row1434-c0,row1434,discovery,numeric,MEDIUM,,,,,,,,
row1434-c1,row1434,discovery,numeric,MEDIUM,,,,,,,,
row1434-c2,row1434,discovery,numeric,MEDIUM,,,,,,,,
row1434-c3,row1434,discovery,numeric,MEDIUM,,,,,,,,
row1434-c4,row1434,discovery,comparative,MEDIUM,,,,,,,,
row1434-c5,row1434,discovery,comparative,LOW,,,,,,,,
row1434-c6,row1434,discovery,numeric,MEDIUM,,,,,,,,
row1434-c7,row1434,discovery,comparative,LOW,,,,,,,,
row1434-c8,row1434,discovery,comparative,MEDIUM,,,,,,,,
row1434-c9,row1434,discovery,comparative,MEDIUM,,,,,,,,
row1437-c0,row1437,discovery,numeric,HIGH,,,,,,,,
row1437-c1,row1437,discovery,numeric,HIGH,,,,,,,,
row1437-c2,row1437,discovery,comparative,MEDIUM,,,,,,,,
row1437-c3,row1437,discovery,comparative,MEDIUM,,,,,,,,
row1437-c4,row1437,discovery,comparative,MEDIUM,,,,,,,,
row1454-c0,row1454,discovery,numeric,MEDIUM,,,,,,,,
row1454-c1,row1454,discovery,numeric,MEDIUM,,,,,,,,
row1454-c2,row1454,discovery,comparative,MEDIUM,,,,,,,,
row1454-c3,row1454,discovery,numeric,MEDIUM,,,,,,,,
row1463-c0,row1463,discovery,numeric,HIGH,,,,,,,,
row1463-c1,row1463,discovery,trend,MEDIUM,,,,,,,,
row1463-c2,row1463,discovery,numeric,MEDIUM,,,,,,,,
row1463-c3,row1463,discovery,comparative,LOW,,,,,,,,
row1463-c4,row1463,discovery,superlative,MEDIUM,,,,,,,,
row1463-c5,row1463,discovery,numeric,LOW,,,,,,,,
row1463-c6,row1463,discovery,numeric,MEDIUM,,,,,,,,
row1463-c7,row1463,discovery,trend,HIGH,,,,,,,,
row1477-c0,row1477,discovery,numeric,HIGH,,,,,,,,
row1477-c1,row1477,discovery,comparative,MEDIUM,,,,,,,,
row1477-c2,row1477,discovery,threshold,MEDIUM,,,,,,,,
row1477-c3,row1477,discovery,numeric,LOW,,,,,,,,
row1477-c4,row1477,discovery,comparative,MEDIUM,,,,,,,,
row1477-c5,row1477,discovery,numeric,LOW,,,,,,,,
row1479-c0,row1479,discovery,comparative,HIGH,,,,,,,,
row1479-c1,row1479,discovery,comparative,LOW,,,,,,,,
row1479-c2,row1479,discovery,comparative,HIGH,,,,,,,,
row1479-c3,row1479,discovery,comparative,MEDIUM,,,,,,,,
row1479-c4,row1479,discovery,trend,LOW,,,,,,,,
row1479-c5,row1479,discovery,comparative,MEDIUM,,,,,,,,
row1479-c6,row1479,discovery,comparative,MEDIUM,,,,,,,,
row1479-c7,row1479,discovery,numeric,MEDIUM,,,,,,,,
row1479-c8,row1479,discovery,comparative,HIGH,,,,,,,,
row1479-c9,row1479,discovery,numeric,MEDIUM,,,,,,,,
row1479-c10,row1479,discovery,trend,MEDIUM,,,,,,,,
row1488-c0,row1488,discovery,comparative,HIGH,,,,,,,,
row1488-c1,row1488,discovery,numeric,MEDIUM,,,,,,,,
row1488-c2,row1488,discovery,comparative,HIGH,,,,,,,,
row1488-c3,row1488,discovery,comparative,LOW,,,,,,,,
row1488-c4,row1488,discovery,comparative,LOW,,,,,,,,
row1488-c5,row1488,discovery,comparative,HIGH,,,,,,,,
row1488-c6,row1488,discovery,comparative,HIGH,,,,,,,,
row1525-c0,row1525,discovery,numeric,LOW,,,,,,,,
row1525-c1,row1525,discovery,comparative,MEDIUM,,,,,,,,
row1525-c2,row1525,discovery,comparative,LOW,,,,,,,,
row1525-c3,row1525,discovery,numeric,LOW,,,,,,,,
row1525-c4,row1525,discovery,comparative,LOW,,,,,,,,
row1526-c0,row1526,discovery,numeric,HIGH,,,,,,,,
row1526-c1,row1526,discovery,trend,MEDIUM,,,,,,,,
row1526-c2,row1526,discovery,numeric,MEDIUM,,,,,,,,
row1526-c3,row1526,discovery,qualitative,UNKNOWN,,,,,,,,
row1542-c0,row1542,discovery,numeric,LOW,,,,,,,,
row1542-c1,row1542,discovery,numeric,MEDIUM,,,,,,,,
row1542-c2,row1542,discovery,numeric,LOW,,,,,,,,
row1542-c3,row1542,discovery,trend,LOW,,,,,,,,
row1542-c4,row1542,discovery,numeric,LOW,,,,,,,,
row1542-c5,row1542,discovery,numeric,LOW,,,,,,,,
row1542-c6,row1542,discovery,numeric,MEDIUM,,,,,,,,
row1542-c7,row1542,discovery,numeric,LOW,,,,,,,,
row1542-c8,row1542,discovery,numeric,MEDIUM,,,,,,,,
row1542-c9,row1542,discovery,numeric,LOW,,,,,,,,
row1542-c10,row1542,discovery,threshold,MEDIUM,,,,,,,,
row1542-c11,row1542,discovery,threshold,LOW,,,,,,,,
row1542-c12,row1542,discovery,comparative,LOW,,,,,,,,
row1542-c13,row1542,discovery,numeric,LOW,,,,,,,,
row1552-c0,row1552,discovery,superlative,LOW,,,,,,,,
row1552-c1,row1552,discovery,trend,MEDIUM,,,,,,,,
row1552-c2,row1552,discovery,comparative,LOW,,,,,,,,
row1552-c3,row1552,discovery,trend,LOW,,,,,,,,
row1552-c4,row1552,discovery,comparative,HIGH,,,,,,,,
row1552-c5,row1552,discovery,trend,LOW,,,,,,,,
row1555-c0,row1555,discovery,numeric,LOW,,,,,,,,
row1555-c1,row1555,discovery,comparative,MEDIUM,,,,,,,,
row1555-c2,row1555,discovery,numeric,MEDIUM,,,,,,,,
row1557-c0,row1557,discovery,numeric,MEDIUM,,,,,,,,
row1557-c1,row1557,discovery,numeric,MEDIUM,,,,,,,,
row1557-c2,row1557,discovery,numeric,MEDIUM,,,,,,,,
row1557-c3,row1557,discovery,numeric,MEDIUM,,,,,,,,
row1557-c4,row1557,discovery,threshold,MEDIUM,,,,,,,,
row1557-c5,row1557,discovery,comparative,LOW,,,,,,,,
row1557-c6,row1557,discovery,comparative,MEDIUM,,,,,,,,
row1563-c0,row1563,discovery,numeric,MEDIUM,,,,,,,,
row1564-c0,row1564,discovery,numeric,LOW,,,,,,,,
row1564-c1,row1564,discovery,numeric,LOW,,,,,,,,
row1570-c0,row1570,discovery,numeric,MEDIUM,,,,,,,,
row1570-c1,row1570,discovery,numeric,MEDIUM,,,,,,,,
row1570-c2,row1570,discovery,numeric,MEDIUM,,,,,,,,
row1583-c0,row1583,discovery,numeric,MEDIUM,,,,,,,,
row1583-c1,row1583,discovery,trend,HIGH,,,,,,,,
row1583-c2,row1583,discovery,comparative,HIGH,,,,,,,,
row1583-c3,row1583,discovery,comparative,LOW,,,,,,,,
row1583-c4,row1583,discovery,comparative,HIGH,,,,,,,,
row1583-c5,row1583,discovery,comparative,HIGH,,,,,,,,
row1583-c6,row1583,discovery,comparative,HIGH,,,,,,,,
row1583-c7,row1583,discovery,comparative,LOW,,,,,,,,
row1583-c8,row1583,discovery,comparative,LOW,,,,,,,,
row1583-c9,row1583,discovery,comparative,HIGH,,,,,,,,
row1588-c0,row1588,discovery,comparative,HIGH,,,,,,,,
row1588-c1,row1588,discovery,numeric,MEDIUM,,,,,,,,
row1588-c2,row1588,discovery,numeric,MEDIUM,,,,,,,,
row1588-c3,row1588,discovery,comparative,LOW,,,,,,,,
row1588-c4,row1588,discovery,trend,LOW,,,,,,,,
row1588-c5,row1588,discovery,comparative,HIGH,,,,,,,,
row1588-c6,row1588,discovery,comparative,LOW,,,,,,,,
row1588-c7,row1588,discovery,comparative,HIGH,,,,,,,,
row1615-c0,row1615,discovery,threshold,MEDIUM,,,,,,,,
row1615-c1,row1615,discovery,numeric,MEDIUM,,,,,,,,
row1628-c0,row1628,discovery,trend,MEDIUM,,,,,,,,
row1628-c1,row1628,discovery,trend,LOW,,,,,,,,
row1628-c2,row1628,discovery,comparative,HIGH,,,,,,,,
row1628-c3,row1628,discovery,comparative,MEDIUM,,,,,,,,
row1628-c4,row1628,discovery,trend,MEDIUM,,,,,,,,
row1628-c5,row1628,discovery,comparative,HIGH,,,,,,,,
row1628-c6,row1628,discovery,comparative,MEDIUM,,,,,,,,
row1628-c7,row1628,discovery,comparative,LOW,,,,,,,,
row1628-c8,row1628,discovery,comparative,HIGH,,,,,,,,
row1628-c9,row1628,discovery,comparative,LOW,,,,,,,,
row1628-c10,row1628,discovery,comparative,LOW,,,,,,,,
row1628-c11,row1628,discovery,comparative,MEDIUM,,,,,,,,
row1628-c12,row1628,discovery,comparative,LOW,,,,,,,,
row1628-c13,row1628,discovery,comparative,LOW,,,,,,,,
row1637-c0,row1637,discovery,comparative,LOW,,,,,,,,
row1637-c1,row1637,discovery,comparative,MEDIUM,,,,,,,,
row1637-c2,row1637,discovery,numeric,LOW,,,,,,,,
row1637-c3,row1637,discovery,numeric,LOW,,,,,,,,
row1637-c4,row1637,discovery,numeric,LOW,,,,,,,,
row1637-c5,row1637,discovery,numeric,LOW,,,,,,,,
row1637-c6,row1637,discovery,numeric,LOW,,,,,,,,
row1655-c0,row1655,discovery,qualitative,UNKNOWN,,,,,,,,
row1655-c1,row1655,discovery,trend,LOW,,,,,,,,
row1655-c2,row1655,discovery,numeric,MEDIUM,,,,,,,,
row1661-c0,row1661,discovery,comparative,LOW,,,,,,,,
row1661-c1,row1661,discovery,qualitative,UNKNOWN,,,,,,,,
row1661-c2,row1661,discovery,qualitative,UNKNOWN,,,,,,,,
row1674-c0,row1674,discovery,superlative,MEDIUM,,,,,,,,
row1674-c1,row1674,discovery,numeric,MEDIUM,,,,,,,,
row1674-c2,row1674,discovery,numeric,MEDIUM,,,,,,,,
row1674-c3,row1674,discovery,numeric,MEDIUM,,,,,,,,
row1674-c4,row1674,discovery,superlative,HIGH,,,,,,,,
row1674-c5,row1674,discovery,numeric,MEDIUM,,,,,,,,
row1674-c6,row1674,discovery,numeric,MEDIUM,,,,,,,,
row1674-c7,row1674,discovery,numeric,MEDIUM,,,,,,,,
row1675-c0,row1675,discovery,superlative,MEDIUM,,,,,,,,
row1700-c0,row1700,discovery,numeric,LOW,,,,,,,,
row1700-c1,row1700,discovery,numeric,LOW,,,,,,,,
row1700-c2,row1700,discovery,comparative,LOW,,,,,,,,
row1700-c3,row1700,discovery,comparative,MEDIUM,,,,,,,,
row1707-c0,row1707,discovery,threshold,HIGH,,,,,,,,
row1707-c1,row1707,discovery,numeric,MEDIUM,,,,,,,,
row1707-c2,row1707,discovery,numeric,MEDIUM,,,,,,,,
row1707-c3,row1707,discovery,comparative,LOW,,,,,,,,
row1707-c4,row1707,discovery,numeric,MEDIUM,,,,,,,,
row1707-c5,row1707,discovery,comparative,LOW,,,,,,,,
row1707-c6,row1707,discovery,comparative,MEDIUM,,,,,,,,
row1707-c7,row1707,discovery,numeric,HIGH,,,,,,,,
row1720-c0,row1720,discovery,numeric,MEDIUM,,,,,,,,
row1720-c1,row1720,discovery,numeric,MEDIUM,,,,,,,,
row1720-c2,row1720,discovery,threshold,MEDIUM,,,,,,,,
row1720-c3,row1720,discovery,numeric,MEDIUM,,,,,,,,
row1720-c4,row1720,discovery,threshold,MEDIUM,,,,,,,,
row1720-c5,row1720,discovery,comparative,LOW,,,,,,,,
row1720-c6,row1720,discovery,numeric,MEDIUM,,,,,,,,
row1720-c7,row1720,discovery,numeric,MEDIUM,,,,,,,,
row1735-c0,row1735,discovery,superlative,LOW,,,,,,,,
row1735-c1,row1735,discovery,superlative,LOW,,,,,,,,
row1735-c2,row1735,discovery,numeric,MEDIUM,,,,,,,,
row1735-c3,row1735,discovery,numeric,MEDIUM,,,,,,,,
row1735-c4,row1735,discovery,numeric,MEDIUM,,,,,,,,
row1735-c5,row1735,discovery,comparative,HIGH,,,,,,,,
row1735-c6,row1735,discovery,numeric,MEDIUM,,,,,,,,
row1735-c7,row1735,discovery,numeric,MEDIUM,,,,,,,,
row1735-c8,row1735,discovery,numeric,HIGH,,,,,,,,
row1735-c9,row1735,discovery,numeric,MEDIUM,,,,,,,,
row1735-c10,row1735,discovery,comparative,LOW,,,,,,,,
row1735-c11,row1735,discovery,comparative,MEDIUM,,,,,,,,
row1735-c12,row1735,discovery,comparative,MEDIUM,,,,,,,,
row1735-c13,row1735,discovery,numeric,MEDIUM,,,,,,,,
row1735-c14,row1735,discovery,numeric,MEDIUM,,,,,,,,
row1735-c15,row1735,discovery,threshold,MEDIUM,,,,,,,,
row1740-c0,row1740,discovery,numeric,LOW,,,,,,,,
row1740-c1,row1740,discovery,numeric,MEDIUM,,,,,,,,
row1740-c2,row1740,discovery,numeric,MEDIUM,,,,,,,,
row1740-c3,row1740,discovery,qualitative,UNKNOWN,,,,,,,,
row1751-c0,row1751,discovery,numeric,HIGH,,,,,,,,
row1751-c1,row1751,discovery,trend,LOW,,,,,,,,
row1751-c2,row1751,discovery,numeric,HIGH,,,,,,,,
row1751-c3,row1751,discovery,trend,MEDIUM,,,,,,,,
row1765-c0,row1765,discovery,numeric,LOW,,,,,,,,
row1765-c1,row1765,discovery,comparative,LOW,,,,,,,,
row1765-c2,row1765,discovery,comparative,LOW,,,,,,,,
row1765-c3,row1765,discovery,numeric,MEDIUM,,,,,,,,
row1765-c4,row1765,discovery,numeric,MEDIUM,,,,,,,,
row1765-c5,row1765,discovery,numeric,LOW,,,,,,,,
row1765-c6,row1765,discovery,comparative,LOW,,,,,,,,
row1765-c7,row1765,discovery,comparative,LOW,,,,,,,,
row1765-c8,row1765,discovery,comparative,LOW,,,,,,,,
row1765-c9,row1765,discovery,numeric,MEDIUM,,,,,,,,
row1771-c0,row1771,discovery,numeric,MEDIUM,,,,,,,,
row1771-c1,row1771,discovery,numeric,HIGH,,,,,,,,
row1798-c0,row1798,discovery,comparative,LOW,,,,,,,,
row1798-c1,row1798,discovery,comparative,LOW,,,,,,,,
row1803-c0,row1803,discovery,numeric,MEDIUM,,,,,,,,
row1803-c1,row1803,discovery,numeric,MEDIUM,,,,,,,,
row1803-c2,row1803,discovery,numeric,MEDIUM,,,,,,,,
row1812-c0,row1812,discovery,numeric,MEDIUM,,,,,,,,
row1812-c1,row1812,discovery,numeric,LOW,,,,,,,,
row1812-c2,row1812,discovery,numeric,MEDIUM,,,,,,,,
row1812-c3,row1812,discovery,numeric,MEDIUM,,,,,,,,
row1817-c0,row1817,discovery,numeric,MEDIUM,,,,,,,,
row1852-c0,row1852,discovery,numeric,LOW,,,,,,,,
row1852-c1,row1852,discovery,comparative,HIGH,,,,,,,,
row1852-c2,row1852,discovery,numeric,HIGH,,,,,,,,
row1852-c3,row1852,discovery,numeric,MEDIUM,,,,,,,,
row1852-c4,row1852,discovery,numeric,MEDIUM,,,,,,,,
row1852-c5,row1852,discovery,numeric,MEDIUM,,,,,,,,
row1852-c6,row1852,discovery,comparative,HIGH,,,,,,,,
row1857-c0,row1857,discovery,numeric,MEDIUM,,,,,,,,
row1857-c1,row1857,discovery,comparative,MEDIUM,,,,,,,,
row1870-c0,row1870,discovery,comparative,MEDIUM,,,,,,,,
row1870-c1,row1870,discovery,numeric,MEDIUM,,,,,,,,
row1873-c0,row1873,discovery,numeric,MEDIUM,,,,,,,,
row1873-c1,row1873,discovery,numeric,MEDIUM,,,,,,,,
row1873-c2,row1873,discovery,comparative,MEDIUM,,,,,,,,
row1884-c0,row1884,discovery,numeric,MEDIUM,,,,,,,,
row1884-c1,row1884,discovery,numeric,MEDIUM,,,,,,,,
row1884-c2,row1884,discovery,comparative,MEDIUM,,,,,,,,
row1884-c3,row1884,discovery,threshold,MEDIUM,,,,,,,,
row1884-c4,row1884,discovery,numeric,MEDIUM,,,,,,,,
row1890-c0,row1890,discovery,numeric,MEDIUM,,,,,,,,
row1890-c1,row1890,discovery,numeric,MEDIUM,,,,,,,,
row1890-c2,row1890,discovery,threshold,MEDIUM,,,,,,,,
row1890-c3,row1890,discovery,numeric,MEDIUM,,,,,,,,
row1890-c4,row1890,discovery,numeric,MEDIUM,,,,,,,,
row1890-c5,row1890,discovery,numeric,MEDIUM,,,,,,,,
row1890-c6,row1890,discovery,numeric,MEDIUM,,,,,,,,
row1890-c7,row1890,discovery,numeric,LOW,,,,,,,,
row1890-c8,row1890,discovery,numeric,MEDIUM,,,,,,,,
row1890-c9,row1890,discovery,numeric,MEDIUM,,,,,,,,
row1890-c10,row1890,discovery,numeric,MEDIUM,,,,,,,,
row1890-c11,row1890,discovery,numeric,MEDIUM,,,,,,,,
row1890-c12,row1890,discovery,numeric,MEDIUM,,,,,,,,
row1890-c13,row1890,discovery,numeric,MEDIUM,,,,,,,,
row1890-c14,row1890,discovery,numeric,MEDIUM,,,,,,,,
row1892-c0,row1892,discovery,numeric,MEDIUM,,,,,,,,
row1892-c1,row1892,discovery,comparative,LOW,,,,,,,,
row1901-c0,row1901,discovery,superlative,MEDIUM,,,,,,,,
row1901-c1,row1901,discovery,superlative,MEDIUM,,,,,,,,
row1901-c2,row1901,discovery,numeric,MEDIUM,,,,,,,,
row1904-c0,row1904,discovery,comparative,LOW,,,,,,,,
row1913-c0,row1913,discovery,numeric,MEDIUM,,,,,,,,
row1913-c1,row1913,discovery,comparative,MEDIUM,,,,,,,,
row1917-c0,row1917,discovery,numeric,MEDIUM,,,,,,,,
row1917-c1,row1917,discovery,numeric,MEDIUM,,,,,,,,
row1917-c2,row1917,discovery,numeric,LOW,,,,,,,,
row1918-c0,row1918,discovery,numeric,HIGH,,,,,,,,
row1918-c1,row1918,discovery,comparative,HIGH,,,,,,,,
row1919-c0,row1919,discovery,comparative,LOW,,,,,,,,
row1919-c1,row1919,discovery,numeric,LOW,,,,,,,,
row1920-c0,row1920,discovery,numeric,HIGH,,,,,,,,
row1920-c1,row1920,discovery,trend,MEDIUM,,,,,,,,
row1920-c2,row1920,discovery,comparative,LOW,,,,,,,,
row1923-c0,row1923,discovery,comparative,LOW,,,,,,,,
row1923-c1,row1923,discovery,comparative,LOW,,,,,,,,
row1923-c2,row1923,discovery,comparative,HIGH,,,,,,,,
row1923-c3,row1923,discovery,superlative,HIGH,,,,,,,,
row1923-c4,row1923,discovery,comparative,LOW,,,,,,,,
row1923-c5,row1923,discovery,comparative,LOW,,,,,,,,
row1923-c6,row1923,discovery,trend,HIGH,,,,,,,,
row1923-c7,row1923,discovery,comparative,HIGH,,,,,,,,
row1926-c0,row1926,discovery,superlative,HIGH,,,,,,,,
row1926-c1,row1926,discovery,qualitative,UNKNOWN,,,,,,,,
row1926-c2,row1926,discovery,threshold,MEDIUM,,,,,,,,
row1926-c3,row1926,discovery,numeric,MEDIUM,,,,,,,,
row1926-c4,row1926,discovery,superlative,HIGH,,,,,,,,
row1926-c5,row1926,discovery,numeric,LOW,,,,,,,,
row1926-c6,row1926,discovery,numeric,MEDIUM,,,,,,,,
row1926-c7,row1926,discovery,comparative,MEDIUM,,,,,,,,
row1926-c8,row1926,discovery,threshold,HIGH,,,,,,,,
row1930-c0,row1930,discovery,numeric,MEDIUM,,,,,,,,
row1930-c1,row1930,discovery,comparative,HIGH,,,,,,,,
row1930-c2,row1930,discovery,qualitative,UNKNOWN,,,,,,,,
row1930-c3,row1930,discovery,numeric,MEDIUM,,,,,,,,
row1930-c4,row1930,discovery,numeric,MEDIUM,,,,,,,,
row1930-c5,row1930,discovery,comparative,MEDIUM,,,,,,,,
row1930-c6,row1930,discovery,comparative,MEDIUM,,,,,,,,
row1934-c0,row1934,discovery,numeric,MEDIUM,,,,,,,,
row1934-c1,row1934,discovery,comparative,MEDIUM,,,,,,,,
row1934-c2,row1934,discovery,numeric,HIGH,,,,,,,,
row1934-c3,row1934,discovery,comparative,MEDIUM,,,,,,,,
row1934-c4,row1934,discovery,comparative,MEDIUM,,,,,,,,
row1934-c5,row1934,discovery,numeric,MEDIUM,,,,,,,,
row1946-c0,row1946,discovery,numeric,LOW,,,,,,,,
row1946-c1,row1946,discovery,comparative,LOW,,,,,,,,
row1946-c2,row1946,discovery,numeric,MEDIUM,,,,,,,,
row1946-c3,row1946,discovery,numeric,HIGH,,,,,,,,
row1946-c4,row1946,discovery,comparative,LOW,,,,,,,,
row1946-c5,row1946,discovery,superlative,MEDIUM,,,,,,,,
row1946-c6,row1946,discovery,comparative,LOW,,,,,,,,
row1946-c7,row1946,discovery,numeric,LOW,,,,,,,,
row1946-c8,row1946,discovery,comparative,MEDIUM,,,,,,,,
row1946-c9,row1946,discovery,comparative,MEDIUM,,,,,,,,
row1946-c10,row1946,discovery,numeric,HIGH,,,,,,,,
row1946-c11,row1946,discovery,numeric,MEDIUM,,,,,,,,
row1946-c12,row1946,discovery,threshold,MEDIUM,,,,,,,,
row1946-c13,row1946,discovery,qualitative,UNKNOWN,,,,,,,,
row1946-c14,row1946,discovery,numeric,LOW,,,,,,,,
row1946-c15,row1946,discovery,trend,MEDIUM,,,,,,,,
row1964-c0,row1964,discovery,superlative,MEDIUM,,,,,,,,
row1964-c1,row1964,discovery,comparative,HIGH,,,,,,,,
row1964-c2,row1964,discovery,trend,MEDIUM,,,,,,,,
row1964-c3,row1964,discovery,numeric,MEDIUM,,,,,,,,
row1964-c4,row1964,discovery,comparative,LOW,,,,,,,,
row1964-c5,row1964,discovery,comparative,MEDIUM,,,,,,,,
row1972-c0,row1972,discovery,numeric,MEDIUM,,,,,,,,
row1972-c1,row1972,discovery,comparative,LOW,,,,,,,,
row1972-c2,row1972,discovery,comparative,MEDIUM,,,,,,,,
row1972-c3,row1972,discovery,comparative,LOW,,,,,,,,
row1972-c4,row1972,discovery,comparative,LOW,,,,,,,,
row1972-c5,row1972,discovery,numeric,MEDIUM,,,,,,,,
row1972-c6,row1972,discovery,numeric,MEDIUM,,,,,,,,
row1972-c7,row1972,discovery,numeric,MEDIUM,,,,,,,,
row1972-c8,row1972,discovery,numeric,LOW,,,,,,,,
row1972-c9,row1972,discovery,numeric,LOW,,,,,,,,
row1972-c10,row1972,discovery,comparative,MEDIUM,,,,,,,,
row1972-c11,row1972,discovery,numeric,LOW,,,,,,,,
row1980-c0,row1980,discovery,comparative,MEDIUM,,,,,,,,
row1982-c0,row1982,discovery,comparative,LOW,,,,,,,,
row1982-c1,row1982,discovery,trend,LOW,,,,,,,,
row1985-c0,row1985,discovery,comparative,MEDIUM,,,,,,,,
row1985-c1,row1985,discovery,comparative,HIGH,,,,,,,,
row1985-c2,row1985,discovery,numeric,HIGH,,,,,,,,
row1985-c3,row1985,discovery,numeric,LOW,,,,,,,,
row1985-c4,row1985,discovery,numeric,MEDIUM,,,,,,,,
row1985-c5,row1985,discovery,numeric,MEDIUM,,,,,,,,
row2008-c0,row2008,discovery,numeric,MEDIUM,,,,,,,,
row2008-c1,row2008,discovery,comparative,HIGH,,,,,,,,
row2008-c2,row2008,discovery,numeric,MEDIUM,,,,,,,,
row2008-c3,row2008,discovery,numeric,HIGH,,,,,,,,
row2008-c4,row2008,discovery,numeric,MEDIUM,,,,,,,,
row2008-c5,row2008,discovery,numeric,MEDIUM,,,,,,,,
row2008-c6,row2008,discovery,numeric,MEDIUM,,,,,,,,
row2008-c7,row2008,discovery,numeric,HIGH,,,,,,,,
row2008-c8,row2008,discovery,numeric,HIGH,,,,,,,,
row2008-c9,row2008,discovery,numeric,MEDIUM,,,,,,,,
row2008-c10,row2008,discovery,superlative,MEDIUM,,,,,,,,
row2009-c0,row2009,discovery,numeric,MEDIUM,,,,,,,,
row2009-c1,row2009,discovery,numeric,MEDIUM,,,,,,,,
row2009-c2,row2009,discovery,comparative,LOW,,,,,,,,
row2009-c3,row2009,discovery,comparative,HIGH,,,,,,,,
row2009-c4,row2009,discovery,comparative,HIGH,,,,,,,,
row2009-c5,row2009,discovery,comparative,HIGH,,,,,,,,
row2009-c6,row2009,discovery,comparative,MEDIUM,,,,,,,,
row2009-c7,row2009,discovery,comparative,MEDIUM,,,,,,,,
row2009-c8,row2009,discovery,trend,LOW,,,,,,,,
row2009-c9,row2009,discovery,comparative,MEDIUM,,,,,,,,
row2009-c10,row2009,discovery,comparative,HIGH,,,,,,,,
row2009-c11,row2009,discovery,comparative,LOW,,,,,,,,
row2009-c12,row2009,discovery,comparative,LOW,,,,,,,,
row2009-c13,row2009,discovery,comparative,HIGH,,,,,,,,
row2009-c14,row2009,discovery,comparative,HIGH,,,,,,,,
row2009-c15,row2009,discovery,comparative,MEDIUM,,,,,,,,
row2009-c16,row2009,discovery,comparative,LOW,,,,,,,,
row2017-c0,row2017,discovery,numeric,HIGH,,,,,,,,
row2017-c1,row2017,discovery,comparative,LOW,,,,,,,,
row2017-c2,row2017,discovery,comparative,LOW,,,,,,,,
row2017-c3,row2017,discovery,comparative,MEDIUM,,,,,,,,
row2017-c4,row2017,discovery,comparative,LOW,,,,,,,,
row2017-c5,row2017,discovery,comparative,HIGH,,,,,,,,
row2020-c0,row2020,discovery,numeric,MEDIUM,,,,,,,,
row2020-c1,row2020,discovery,qualitative,UNKNOWN,,,,,,,,
row2020-c2,row2020,discovery,comparative,MEDIUM,,,,,,,,
row2020-c3,row2020,discovery,qualitative,UNKNOWN,,,,,,,,
row2020-c4,row2020,discovery,threshold,LOW,,,,,,,,
row2021-c0,row2021,discovery,numeric,MEDIUM,,,,,,,,
row2021-c1,row2021,discovery,numeric,MEDIUM,,,,,,,,
row2021-c2,row2021,discovery,qualitative,UNKNOWN,,,,,,,,
row2021-c3,row2021,discovery,qualitative,UNKNOWN,,,,,,,,
row2021-c4,row2021,discovery,numeric,MEDIUM,,,,,,,,
row2021-c5,row2021,discovery,numeric,MEDIUM,,,,,,,,
row2021-c6,row2021,discovery,numeric,MEDIUM,,,,,,,,
row2021-c7,row2021,discovery,qualitative,UNKNOWN,,,,,,,,
row2021-c8,row2021,discovery,numeric,MEDIUM,,,,,,,,
row2034-c0,row2034,discovery,numeric,MEDIUM,,,,,,,,
row2034-c1,row2034,discovery,comparative,MEDIUM,,,,,,,,
row2034-c2,row2034,discovery,trend,HIGH,,,,,,,,
row2034-c3,row2034,discovery,comparative,LOW,,,,,,,,
row2034-c4,row2034,discovery,numeric,MEDIUM,,,,,,,,
row2034-c5,row2034,discovery,threshold,HIGH,,,,,,,,
row2034-c6,row2034,discovery,numeric,MEDIUM,,,,,,,,
row2037-c0,row2037,discovery,numeric,LOW,,,,,,,,
row2037-c1,row2037,discovery,qualitative,UNKNOWN,,,,,,,,
row2037-c2,row2037,discovery,qualitative,UNKNOWN,,,,,,,,
row2037-c3,row2037,discovery,comparative,MEDIUM,,,,,,,,
row2037-c4,row2037,discovery,comparative,MEDIUM,,,,,,,,
row2037-c5,row2037,discovery,numeric,MEDIUM,,,,,,,,
row2037-c6,row2037,discovery,qualitative,UNKNOWN,,,,,,,,
row2037-c7,row2037,discovery,comparative,MEDIUM,,,,,,,,
row2037-c8,row2037,discovery,numeric,MEDIUM,,,,,,,,
row2037-c9,row2037,discovery,qualitative,UNKNOWN,,,,,,,,
row2037-c10,row2037,discovery,numeric,MEDIUM,,,,,,,,
row2044-c0,row2044,discovery,superlative,MEDIUM,,,,,,,,
row2044-c1,row2044,discovery,comparative,LOW,,,,,,,,
row2044-c2,row2044,discovery,qualitative,UNKNOWN,,,,,,,,
row2044-c3,row2044,discovery,comparative,LOW,,,,,,,,
row2044-c4,row2044,discovery,threshold,MEDIUM,,,,,,,,
row2049-c0,row2049,discovery,comparative,MEDIUM,,,,,,,,
row2049-c1,row2049,discovery,comparative,MEDIUM,,,,,,,,
row2049-c2,row2049,discovery,numeric,MEDIUM,,,,,,,,
row2049-c3,row2049,discovery,comparative,MEDIUM,,,,,,,,
row2049-c4,row2049,discovery,numeric,MEDIUM,,,,,,,,
row2057-c0,row2057,discovery,numeric,LOW,,,,,,,,
row2057-c1,row2057,discovery,threshold,LOW,,,,,,,,
row2057-c2,row2057,discovery,numeric,LOW,,,,,,,,
row2071-c0,row2071,discovery,numeric,LOW,,,,,,,,
row2077-c0,row2077,discovery,qualitative,UNKNOWN,,,,,,,,
row2077-c1,row2077,discovery,qualitative,UNKNOWN,,,,,,,,
row2077-c2,row2077,discovery,qualitative,UNKNOWN,,,,,,,,
row2077-c3,row2077,discovery,qualitative,UNKNOWN,,,,,,,,
row2077-c4,row2077,discovery,numeric,HIGH,,,,,,,,
row2077-c5,row2077,discovery,numeric,MEDIUM,,,,,,,,
row2090-c0,row2090,discovery,numeric,MEDIUM,,,,,,,,
row2090-c1,row2090,discovery,numeric,MEDIUM,,,,,,,,
row2095-c0,row2095,discovery,numeric,LOW,,,,,,,,
row2095-c1,row2095,discovery,trend,MEDIUM,,,,,,,,
row2095-c2,row2095,discovery,trend,HIGH,,,,,,,,
row2095-c3,row2095,discovery,trend,HIGH,,,,,,,,
row2095-c4,row2095,discovery,numeric,MEDIUM,,,,,,,,
row2095-c5,row2095,discovery,numeric,LOW,,,,,,,,
row2095-c6,row2095,discovery,numeric,HIGH,,,,,,,,
row2095-c7,row2095,discovery,numeric,HIGH,,,,,,,,
row2098-c0,row2098,discovery,numeric,MEDIUM,,,,,,,,
row2098-c1,row2098,discovery,comparative,MEDIUM,,,,,,,,
row2098-c2,row2098,discovery,numeric,MEDIUM,,,,,,,,
row2098-c3,row2098,discovery,comparative,LOW,,,,,,,,
row2098-c4,row2098,discovery,comparative,LOW,,,,,,,,
row2098-c5,row2098,discovery,comparative,MEDIUM,,,,,,,,
row2098-c6,row2098,discovery,qualitative,UNKNOWN,,,,,,,,
row2098-c7,row2098,discovery,qualitative,UNKNOWN,,,,,,,,
row2112-c0,row2112,discovery,comparative,HIGH,,,,,,,,
row2112-c1,row2112,discovery,comparative,HIGH,,,,,,,,
row2116-c0,row2116,discovery,comparative,MEDIUM,,,,,,,,
row2116-c1,row2116,discovery,numeric,MEDIUM,,,,,,,,
row2116-c2,row2116,discovery,threshold,LOW,,,,,,,,
row2116-c3,row2116,discovery,numeric,MEDIUM,,,,,,,,
row2116-c4,row2116,discovery,comparative,MEDIUM,,,,,,,,
row2125-c0,row2125,discovery,numeric,LOW,,,,,,,,
row2127-c0,row2127,discovery,numeric,MEDIUM,,,,,,,,
row2127-c1,row2127,discovery,comparative,LOW,,,,,,,,
row2127-c2,row2127,discovery,qualitative,UNKNOWN,,,,,,,,
row2127-c3,row2127,discovery,qualitative,UNKNOWN,,,,,,,,
row2127-c4,row2127,discovery,qualitative,UNKNOWN,,,,,,,,
row2129-c0,row2129,discovery,comparative,LOW,,,,,,,,
row2129-c1,row2129,discovery,comparative,MEDIUM,,,,,,,,
row2129-c2,row2129,discovery,numeric,MEDIUM,,,,,,,,
row2130-c0,row2130,discovery,numeric,MEDIUM,,,,,,,,
row2130-c1,row2130,discovery,comparative,MEDIUM,,,,,,,,
row2130-c2,row2130,discovery,comparative,LOW,,,,,,,,
row2130-c3,row2130,discovery,comparative,LOW,,,,,,,,
row2148-c0,row2148,discovery,numeric,MEDIUM,,,,,,,,
row2148-c1,row2148,discovery,numeric,MEDIUM,,,,,,,,
row2148-c2,row2148,discovery,numeric,MEDIUM,,,,,,,,
row2148-c3,row2148,discovery,numeric,MEDIUM,,,,,,,,
row2148-c4,row2148,discovery,numeric,LOW,,,,,,,,
row2149-c0,row2149,discovery,numeric,LOW,,,,,,,,
row2149-c1,row2149,discovery,numeric,MEDIUM,,,,,,,,
row2149-c2,row2149,discovery,comparative,MEDIUM,,,,,,,,
row2149-c3,row2149,discovery,numeric,LOW,,,,,,,,
row2149-c4,row2149,discovery,comparative,LOW,,,,,,,,
row2149-c5,row2149,discovery,numeric,MEDIUM,,,,,,,,
row2149-c6,row2149,discovery,numeric,LOW,,,,,,,,
row2149-c7,row2149,discovery,numeric,LOW,,,,,,,,
row2164-c0,row2164,discovery,numeric,MEDIUM,,,,,,,,
row2164-c1,row2164,discovery,numeric,LOW,,,,,,,,
row2166-c0,row2166,discovery,comparative,MEDIUM,,,,,,,,
row2166-c1,row2166,discovery,comparative,LOW,,,,,,,,
row2166-c2,row2166,discovery,numeric,LOW,,,,,,,,
row2166-c3,row2166,discovery,comparative,LOW,,,,,,,,
row2174-c0,row2174,discovery,comparative,LOW,,,,,,,,
row2174-c1,row2174,discovery,comparative,LOW,,,,,,,,
row2174-c2,row2174,discovery,comparative,LOW,,,,,,,,
row2174-c3,row2174,discovery,numeric,MEDIUM,,,,,,,,
row2174-c4,row2174,discovery,comparative,MEDIUM,,,,,,,,
row2174-c5,row2174,discovery,comparative,LOW,,,,,,,,
row2174-c6,row2174,discovery,comparative,LOW,,,,,,,,
row2174-c7,row2174,discovery,comparative,LOW,,,,,,,,
row2175-c0,row2175,discovery,numeric,LOW,,,,,,,,
row2175-c1,row2175,discovery,numeric,LOW,,,,,,,,
row2175-c2,row2175,discovery,qualitative,UNKNOWN,,,,,,,,
row2175-c3,row2175,discovery,numeric,LOW,,,,,,,,
row2175-c4,row2175,discovery,comparative,MEDIUM,,,,,,,,
row2181-c0,row2181,discovery,superlative,MEDIUM,,,,,,,,
row2195-c0,row2195,discovery,numeric,LOW,,,,,,,,
row2195-c1,row2195,discovery,numeric,LOW,,,,,,,,
row2195-c2,row2195,discovery,numeric,LOW,,,,,,,,
row2195-c3,row2195,discovery,comparative,LOW,,,,,,,,
row2195-c4,row2195,discovery,numeric,MEDIUM,,,,,,,,
row2195-c5,row2195,discovery,comparative,LOW,,,,,,,,
row2200-c0,row2200,discovery,numeric,MEDIUM,,,,,,,,
row2200-c1,row2200,discovery,qualitative,UNKNOWN,,,,,,,,
row2200-c2,row2200,discovery,numeric,MEDIUM,,,,,,,,
row2206-c0,row2206,discovery,numeric,LOW,,,,,,,,
row2206-c1,row2206,discovery,numeric,LOW,,,,,,,,
row2206-c2,row2206,discovery,comparative,LOW,,,,,,,,
row2206-c3,row2206,discovery,threshold,LOW,,,,,,,,
row2206-c4,row2206,discovery,trend,LOW,,,,,,,,
row2206-c5,row2206,discovery,numeric,LOW,,,,,,,,
row2206-c6,row2206,discovery,comparative,LOW,,,,,,,,
row2214-c0,row2214,discovery,comparative,MEDIUM,,,,,,,,
row2214-c1,row2214,discovery,numeric,MEDIUM,,,,,,,,
row2214-c2,row2214,discovery,numeric,MEDIUM,,,,,,,,
row2214-c3,row2214,discovery,numeric,MEDIUM,,,,,,,,
row2214-c4,row2214,discovery,numeric,MEDIUM,,,,,,,,
row2214-c5,row2214,discovery,threshold,MEDIUM,,,,,,,,
row2214-c6,row2214,discovery,superlative,MEDIUM,,,,,,,,
row2214-c7,row2214,discovery,numeric,MEDIUM,,,,,,,,
row2222-c0,row2222,discovery,numeric,MEDIUM,,,,,,,,
row2222-c1,row2222,discovery,threshold,MEDIUM,,,,,,,,
row2222-c2,row2222,discovery,numeric,MEDIUM,,,,,,,,
row2222-c3,row2222,discovery,numeric,MEDIUM,,,,,,,,
row2222-c4,row2222,discovery,numeric,MEDIUM,,,,,,,,
row2222-c5,row2222,discovery,numeric,MEDIUM,,,,,,,,
row2222-c6,row2222,discovery,numeric,LOW,,,,,,,,
row2226-c0,row2226,discovery,numeric,MEDIUM,,,,,,,,
row2226-c1,row2226,discovery,threshold,LOW,,,,,,,,
row2226-c2,row2226,discovery,comparative,LOW,,,,,,,,
row2226-c3,row2226,discovery,numeric,MEDIUM,,,,,,,,
row2226-c4,row2226,discovery,numeric,MEDIUM,,,,,,,,
row2226-c5,row2226,discovery,numeric,MEDIUM,,,,,,,,
row2226-c6,row2226,discovery,numeric,MEDIUM,,,,,,,,
row2242-c0,row2242,discovery,numeric,LOW,,,,,,,,
row2242-c1,row2242,discovery,comparative,MEDIUM,,,,,,,,
row2242-c2,row2242,discovery,comparative,LOW,,,,,,,,
row2242-c3,row2242,discovery,comparative,LOW,,,,,,,,
row2242-c4,row2242,discovery,comparative,MEDIUM,,,,,,,,
row2255-c0,row2255,discovery,numeric,MEDIUM,,,,,,,,
row2255-c1,row2255,discovery,qualitative,UNKNOWN,,,,,,,,
row2255-c2,row2255,discovery,numeric,HIGH,,,,,,,,
row2255-c3,row2255,discovery,comparative,LOW,,,,,,,,
row2255-c4,row2255,discovery,numeric,MEDIUM,,,,,,,,
row2255-c5,row2255,discovery,qualitative,UNKNOWN,,,,,,,,
row2255-c6,row2255,discovery,comparative,LOW,,,,,,,,
row2255-c7,row2255,discovery,comparative,MEDIUM,,,,,,,,
row2258-c0,row2258,discovery,comparative,MEDIUM,,,,,,,,
row2258-c1,row2258,discovery,comparative,MEDIUM,,,,,,,,
row2258-c2,row2258,discovery,comparative,HIGH,,,,,,,,
row2258-c3,row2258,discovery,numeric,MEDIUM,,,,,,,,
row2264-c0,row2264,discovery,comparative,LOW,,,,,,,,
row2269-c0,row2269,discovery,numeric,MEDIUM,,,,,,,,
row2269-c1,row2269,discovery,comparative,MEDIUM,,,,,,,,
row2269-c2,row2269,discovery,comparative,HIGH,,,,,,,,
row2279-c0,row2279,discovery,numeric,MEDIUM,,,,,,,,
row2279-c1,row2279,discovery,numeric,MEDIUM,,,,,,,,
row2279-c2,row2279,discovery,threshold,MEDIUM,,,,,,,,
row2279-c3,row2279,discovery,numeric,MEDIUM,,,,,,,,
row2279-c4,row2279,discovery,numeric,MEDIUM,,,,,,,,
row2279-c5,row2279,discovery,comparative,MEDIUM,,,,,,,,
row2280-c0,row2280,discovery,comparative,MEDIUM,,,,,,,,
row2280-c1,row2280,discovery,numeric,MEDIUM,,,,,,,,
row2280-c2,row2280,discovery,numeric,MEDIUM,,,,,,,,
row2280-c3,row2280,discovery,numeric,MEDIUM,,,,,,,,
row2281-c0,row2281,discovery,superlative,MEDIUM,,,,,,,,
row2281-c1,row2281,discovery,numeric,LOW,,,,,,,,
row2281-c2,row2281,discovery,numeric,LOW,,,,,,,,
row2281-c3,row2281,discovery,comparative,LOW,,,,,,,,
row2281-c4,row2281,discovery,numeric,LOW,,,,,,,,
row2281-c5,row2281,discovery,superlative,HIGH,,,,,,,,
row2281-c6,row2281,discovery,comparative,LOW,,,,,,,,
row2283-c0,row2283,discovery,numeric,MEDIUM,,,,,,,,
row2283-c1,row2283,discovery,numeric,MEDIUM,,,,,,,,
row2283-c2,row2283,discovery,numeric,MEDIUM,,,,,,,,
row2283-c3,row2283,discovery,numeric,MEDIUM,,,,,,,,
row2283-c4,row2283,discovery,numeric,MEDIUM,,,,,,,,
row2283-c5,row2283,discovery,numeric,MEDIUM,,,,,,,,
row2283-c6,row2283,discovery,threshold,MEDIUM,,,,,,,,
row2283-c7,row2283,discovery,threshold,MEDIUM,,,,,,,,
row2291-c0,row2291,discovery,numeric,MEDIUM,,,,,,,,
row2291-c1,row2291,discovery,numeric,MEDIUM,,,,,,,,
row2291-c2,row2291,discovery,comparative,HIGH,,,,,,,,
row2291-c3,row2291,discovery,comparative,HIGH,,,,,,,,
row2291-c4,row2291,discovery,trend,LOW,,,,,,,,
row2291-c5,row2291,discovery,comparative,HIGH,,,,,,,,
row2291-c6,row2291,discovery,comparative,HIGH,,,,,,,,
row2291-c7,row2291,discovery,comparative,LOW,,,,,,,,
row2291-c8,row2291,discovery,comparative,LOW,,,,,,,,
row2294-c0,row2294,discovery,numeric,MEDIUM,,,,,,,,
row2296-c0,row2296,discovery,comparative,MEDIUM,,,,,,,,
row2296-c1,row2296,discovery,numeric,MEDIUM,,,,,,,,
row2296-c2,row2296,discovery,comparative,MEDIUM,,,,,,,,
row2296-c3,row2296,discovery,numeric,MEDIUM,,,,,,,,
row2296-c4,row2296,discovery,numeric,MEDIUM,,,,,,,,
row2296-c5,row2296,discovery,comparative,MEDIUM,,,,,,,,
row2296-c6,row2296,discovery,comparative,HIGH,,,,,,,,
row2296-c7,row2296,discovery,numeric,MEDIUM,,,,,,,,
row2297-c0,row2297,discovery,qualitative,UNKNOWN,,,,,,,,
row2305-c0,row2305,discovery,comparative,LOW,,,,,,,,
row2305-c1,row2305,discovery,comparative,LOW,,,,,,,,
row2305-c2,row2305,discovery,comparative,LOW,,,,,,,,
row2305-c3,row2305,discovery,numeric,LOW,,,,,,,,
row2305-c4,row2305,discovery,comparative,LOW,,,,,,,,
row2308-c0,row2308,discovery,numeric,HIGH,,,,,,,,
row2308-c1,row2308,discovery,numeric,HIGH,,,,,,,,
row2308-c2,row2308,discovery,qualitative,UNKNOWN,,,,,,,,
row2308-c3,row2308,discovery,numeric,HIGH,,,,,,,,
row2309-c0,row2309,discovery,comparative,LOW,,,,,,,,
row2309-c1,row2309,discovery,comparative,LOW,,,,,,,,
row2333-c0,row2333,discovery,comparative,HIGH,,,,,,,,
row2333-c1,row2333,discovery,numeric,MEDIUM,,,,,,,,
row2333-c2,row2333,discovery,comparative,LOW,,,,,,,,
row2333-c3,row2333,discovery,comparative,LOW,,,,,,,,
row2342-c0,row2342,discovery,numeric,MEDIUM,,,,,,,,
row2342-c1,row2342,discovery,numeric,MEDIUM,,,,,,,,
row2342-c2,row2342,discovery,numeric,LOW,,,,,,,,
row2342-c3,row2342,discovery,numeric,MEDIUM,,,,,,,,
row2342-c4,row2342,discovery,comparative,HIGH,,,,,,,,
row2342-c5,row2342,discovery,comparative,LOW,,,,,,,,
row2342-c6,row2342,discovery,comparative,LOW,,,,,,,,
row2342-c7,row2342,discovery,trend,HIGH,,,,,,,,
row2342-c8,row2342,discovery,comparative,LOW,,,,,,,,
row2342-c9,row2342,discovery,numeric,LOW,,,,,,,,
row2342-c10,row2342,discovery,numeric,LOW,,,,,,,,
row2342-c11,row2342,discovery,numeric,MEDIUM,,,,,,,,
row2344-c0,row2344,discovery,numeric,MEDIUM,,,,,,,,
row2344-c1,row2344,discovery,numeric,LOW,,,,,,,,
row2344-c2,row2344,discovery,numeric,MEDIUM,,,,,,,,
row2344-c3,row2344,discovery,numeric,MEDIUM,,,,,,,,
row2344-c4,row2344,discovery,numeric,MEDIUM,,,,,,,,
row2346-c0,row2346,discovery,comparative,MEDIUM,,,,,,,,
row2346-c1,row2346,discovery,qualitative,UNKNOWN,,,,,,,,
row2346-c2,row2346,discovery,comparative,MEDIUM,,,,,,,,
row2346-c3,row2346,discovery,numeric,MEDIUM,,,,,,,,
row2346-c4,row2346,discovery,comparative,MEDIUM,,,,,,,,
row2349-c0,row2349,discovery,numeric,MEDIUM,,,,,,,,
row2349-c1,row2349,discovery,threshold,LOW,,,,,,,,
row2349-c2,row2349,discovery,numeric,MEDIUM,,,,,,,,
row2349-c3,row2349,discovery,numeric,LOW,,,,,,,,
row2349-c4,row2349,discovery,numeric,LOW,,,,,,,,
row2349-c5,row2349,discovery,comparative,MEDIUM,,,,,,,,
row2349-c6,row2349,discovery,comparative,MEDIUM,,,,,,,,
row2369-c0,row2369,discovery,numeric,MEDIUM,,,,,,,,
row2369-c1,row2369,discovery,numeric,MEDIUM,,,,,,,,
row2382-c0,row2382,discovery,numeric,MEDIUM,,,,,,,,
row2382-c1,row2382,discovery,numeric,MEDIUM,,,,,,,,
row2382-c2,row2382,discovery,numeric,MEDIUM,,,,,,,,
row2382-c3,row2382,discovery,numeric,MEDIUM,,,,,,,,
row2383-c0,row2383,discovery,numeric,MEDIUM,,,,,,,,
row2383-c1,row2383,discovery,numeric,MEDIUM,,,,,,,,
row2383-c2,row2383,discovery,numeric,MEDIUM,,,,,,,,
row2383-c3,row2383,discovery,numeric,MEDIUM,,,,,,,,
row2387-c0,row2387,discovery,comparative,HIGH,,,,,,,,
row2387-c1,row2387,discovery,comparative,LOW,,,,,,,,
row2387-c2,row2387,discovery,numeric,MEDIUM,,,,,,,,
row2394-c0,row2394,discovery,numeric,MEDIUM,,,,,,,,
row2394-c1,row2394,discovery,numeric,MEDIUM,,,,,,,,
row2402-c0,row2402,discovery,numeric,LOW,,,,,,,,
row2407-c0,row2407,discovery,numeric,LOW,,,,,,,,
row2407-c1,row2407,discovery,comparative,MEDIUM,,,,,,,,
row2407-c2,row2407,discovery,numeric,LOW,,,,,,,,
row2407-c3,row2407,discovery,trend,MEDIUM,,,,,,,,
row2410-c0,row2410,discovery,numeric,MEDIUM,,,,,,,,
row2410-c1,row2410,discovery,numeric,MEDIUM,,,,,,,,
row2410-c2,row2410,discovery,comparative,LOW,,,,,,,,
row2410-c3,row2410,discovery,numeric,MEDIUM,,,,,,,,
row2413-c0,row2413,discovery,numeric,MEDIUM,,,,,,,,
row2413-c1,row2413,discovery,numeric,MEDIUM,,,,,,,,
row2413-c2,row2413,discovery,numeric,MEDIUM,,,,,,,,
row2413-c3,row2413,discovery,numeric,MEDIUM,,,,,,,,
row2413-c4,row2413,discovery,numeric,MEDIUM,,,,,,,,
row2413-c5,row2413,discovery,numeric,MEDIUM,,,,,,,,
row2423-c0,row2423,discovery,numeric,MEDIUM,,,,,,,,
row2423-c1,row2423,discovery,threshold,LOW,,,,,,,,
row2433-c0,row2433,discovery,numeric,HIGH,,,,,,,,
row2433-c1,row2433,discovery,comparative,MEDIUM,,,,,,,,
row2447-c0,row2447,discovery,numeric,HIGH,,,,,,,,
row2447-c1,row2447,discovery,numeric,MEDIUM,,,,,,,,
row2447-c2,row2447,discovery,comparative,MEDIUM,,,,,,,,
row2447-c3,row2447,discovery,comparative,HIGH,,,,,,,,
row2447-c4,row2447,discovery,numeric,HIGH,,,,,,,,
row2450-c0,row2450,discovery,comparative,HIGH,,,,,,,,
row2450-c1,row2450,discovery,trend,LOW,,,,,,,,
row2450-c2,row2450,discovery,threshold,MEDIUM,,,,,,,,
row2473-c0,row2473,discovery,numeric,MEDIUM,,,,,,,,
row2473-c1,row2473,discovery,comparative,MEDIUM,,,,,,,,
row2473-c2,row2473,discovery,comparative,MEDIUM,,,,,,,,
row2473-c3,row2473,discovery,numeric,MEDIUM,,,,,,,,
row2475-c0,row2475,discovery,numeric,MEDIUM,,,,,,,,
row2475-c1,row2475,discovery,numeric,MEDIUM,,,,,,,,
row2475-c2,row2475,discovery,numeric,MEDIUM,,,,,,,,
row2478-c0,row2478,discovery,numeric,MEDIUM,,,,,,,,
row2478-c1,row2478,discovery,numeric,MEDIUM,,,,,,,,
row2478-c2,row2478,discovery,comparative,LOW,,,,,,,,
row2481-c0,row2481,discovery,comparative,LOW,,,,,,,,
row2481-c1,row2481,discovery,numeric,LOW,,,,,,,,
row2481-c2,row2481,discovery,numeric,LOW,,,,,,,,
row2490-c0,row2490,discovery,numeric,MEDIUM,,,,,,,,
row2490-c1,row2490,discovery,comparative,LOW,,,,,,,,
row2490-c2,row2490,discovery,comparative,MEDIUM,,,,,,,,
row2490-c3,row2490,discovery,numeric,MEDIUM,,,,,,,,
row2490-c4,row2490,discovery,comparative,LOW,,,,,,,,
row2490-c5,row2490,discovery,numeric,MEDIUM,,,,,,,,
row2491-c0,row2491,discovery,qualitative,UNKNOWN,,,,,,,,
row2491-c1,row2491,discovery,numeric,HIGH,,,,,,,,
row2491-c2,row2491,discovery,numeric,MEDIUM,,,,,,,,
row2491-c3,row2491,discovery,superlative,LOW,,,,,,,,
row2491-c4,row2491,discovery,numeric,MEDIUM,,,,,,,,
row2491-c5,row2491,discovery,trend,HIGH,,,,,,,,
row2499-c0,row2499,discovery,numeric,MEDIUM,,,,,,,,
row2499-c1,row2499,discovery,numeric,MEDIUM,,,,,,,,
row2499-c2,row2499,discovery,comparative,MEDIUM,,,,,,,,
row2499-c3,row2499,discovery,numeric,MEDIUM,,,,,,,,
row2499-c4,row2499,discovery,numeric,LOW,,,,,,,,
row2499-c5,row2499,discovery,comparative,LOW,,,,,,,,
row2499-c6,row2499,discovery,threshold,MEDIUM,,,,,,,,
row2499-c7,row2499,discovery,comparative,MEDIUM,,,,,,,,
row2530-c0,row2530,discovery,comparative,MEDIUM,,,,,,,,
row2530-c1,row2530,discovery,numeric,MEDIUM,,,,,,,,
row2534-c0,row2534,discovery,qualitative,UNKNOWN,,,,,,,,
row2541-c0,row2541,discovery,numeric,MEDIUM,,,,,,,,
row2541-c1,row2541,discovery,numeric,LOW,,,,,,,,
row2557-c0,row2557,discovery,numeric,MEDIUM,,,,,,,,
row2557-c1,row2557,discovery,numeric,MEDIUM,,,,,,,,
row2557-c2,row2557,discovery,numeric,LOW,,,,,,,,
row2557-c3,row2557,discovery,superlative,LOW,,,,,,,,
row2557-c4,row2557,discovery,comparative,HIGH,,,,,,,,
row2557-c5,row2557,discovery,numeric,MEDIUM,,,,,,,,
row2557-c6,row2557,discovery,comparative,MEDIUM,,,,,,,,
row2557-c7,row2557,discovery,comparative,LOW,,,,,,,,
row2557-c8,row2557,discovery,superlative,LOW,,,,,,,,
row2560-c0,row2560,discovery,comparative,MEDIUM,,,,,,,,
row2560-c1,row2560,discovery,comparative,HIGH,,,,,,,,
row2563-c0,row2563,discovery,numeric,MEDIUM,,,,,,,,
row2563-c1,row2563,discovery,numeric,LOW,,,,,,,,
row2568-c0,row2568,discovery,numeric,MEDIUM,,,,,,,,
row2568-c1,row2568,discovery,numeric,HIGH,,,,,,,,
row2568-c2,row2568,discovery,trend,LOW,,,,,,,,
row2568-c3,row2568,discovery,trend,MEDIUM,,,,,,,,
row2568-c4,row2568,discovery,comparative,LOW,,,,,,,,
row2568-c5,row2568,discovery,comparative,LOW,,,,,,,,
row2568-c6,row2568,discovery,numeric,LOW,,,,,,,,
row2569-c0,row2569,discovery,comparative,MEDIUM,,,,,,,,
row2569-c1,row2569,discovery,comparative,MEDIUM,,,,,,,,
row2569-c2,row2569,discovery,numeric,MEDIUM,,,,,,,,
row2569-c3,row2569,discovery,numeric,MEDIUM,,,,,,,,
row2569-c4,row2569,discovery,comparative,LOW,,,,,,,,
row2569-c5,row2569,discovery,numeric,MEDIUM,,,,,,,,
row2583-c0,row2583,discovery,comparative,LOW,,,,,,,,
row2583-c1,row2583,discovery,comparative,MEDIUM,,,,,,,,
row2583-c2,row2583,discovery,comparative,LOW,,,,,,,,
row2583-c3,row2583,discovery,comparative,LOW,,,,,,,,
row2583-c4,row2583,discovery,comparative,LOW,,,,,,,,
row2602-c0,row2602,discovery,numeric,HIGH,,,,,,,,
row2602-c1,row2602,discovery,comparative,HIGH,,,,,,,,
row2602-c2,row2602,discovery,comparative,LOW,,,,,,,,
row2602-c3,row2602,discovery,comparative,HIGH,,,,,,,,
row2602-c4,row2602,discovery,comparative,HIGH,,,,,,,,
row2602-c5,row2602,discovery,comparative,MEDIUM,,,,,,,,
row2602-c6,row2602,discovery,comparative,LOW,,,,,,,,
row2602-c7,row2602,discovery,comparative,MEDIUM,,,,,,,,
row2602-c8,row2602,discovery,comparative,MEDIUM,,,,,,,,
row2602-c9,row2602,discovery,comparative,LOW,,,,,,,,
row2602-c10,row2602,discovery,comparative,LOW,,,,,,,,
row2602-c11,row2602,discovery,comparative,HIGH,,,,,,,,
row2602-c12,row2602,discovery,comparative,MEDIUM,,,,,,,,
row2602-c13,row2602,discovery,comparative,LOW,,,,,,,,
row2602-c14,row2602,discovery,comparative,MEDIUM,,,,,,,,
row2602-c15,row2602,discovery,comparative,LOW,,,,,,,,
row2603-c0,row2603,discovery,numeric,HIGH,,,,,,,,
row2603-c1,row2603,discovery,comparative,LOW,,,,,,,,
row2603-c2,row2603,discovery,comparative,MEDIUM,,,,,,,,
row2603-c3,row2603,discovery,comparative,HIGH,,,,,,,,
row2604-c0,row2604,discovery,numeric,HIGH,,,,,,,,
row2604-c1,row2604,discovery,numeric,MEDIUM,,,,,,,,
row2604-c2,row2604,discovery,numeric,LOW,,,,,,,,
row2604-c3,row2604,discovery,numeric,LOW,,,,,,,,
row2604-c4,row2604,discovery,numeric,LOW,,,,,,,,
row2604-c5,row2604,discovery,comparative,MEDIUM,,,,,,,,
row2604-c6,row2604,discovery,comparative,LOW,,,,,,,,
row2604-c7,row2604,discovery,comparative,HIGH,,,,,,,,
row2604-c8,row2604,discovery,comparative,LOW,,,,,,,,
row2604-c9,row2604,discovery,comparative,HIGH,,,,,,,,
row2604-c10,row2604,discovery,comparative,MEDIUM,,,,,,,,
row2604-c11,row2604,discovery,comparative,LOW,,,,,,,,
row2604-c12,row2604,discovery,comparative,HIGH,,,,,,,,
row2604-c13,row2604,discovery,comparative,HIGH,,,,,,,,
row2604-c14,row2604,discovery,comparative,HIGH,,,,,,,,
row2604-c15,row2604,discovery,comparative,MEDIUM,,,,,,,,
row2604-c16,row2604,discovery,comparative,LOW,,,,,,,,
row2604-c17,row2604,discovery,comparative,MEDIUM,,,,,,,,
row2604-c18,row2604,discovery,comparative,LOW,,,,,,,,
row2604-c19,row2604,discovery,comparative,LOW,,,,,,,,
row2604-c20,row2604,discovery,comparative,MEDIUM,,,,,,,,
row2604-c21,row2604,discovery,comparative,MEDIUM,,,,,,,,
row2604-c22,row2604,discovery,comparative,LOW,,,,,,,,
row2605-c0,row2605,discovery,numeric,LOW,,,,,,,,
row2605-c1,row2605,discovery,numeric,LOW,,,,,,,,
row2605-c2,row2605,discovery,comparative,LOW,,,,,,,,
row2605-c3,row2605,discovery,threshold,LOW,,,,,,,,
row2613-c0,row2613,discovery,numeric,LOW,,,,,,,,
row2613-c1,row2613,discovery,threshold,LOW,,,,,,,,
row2613-c2,row2613,discovery,numeric,LOW,,,,,,,,
row2613-c3,row2613,discovery,comparative,LOW,,,,,,,,
row2613-c4,row2613,discovery,comparative,LOW,,,,,,,,
row2613-c5,row2613,discovery,comparative,LOW,,,,,,,,
row2613-c6,row2613,discovery,comparative,LOW,,,,,,,,
row2613-c7,row2613,discovery,comparative,LOW,,,,,,,,
row2613-c8,row2613,discovery,comparative,LOW,,,,,,,,
row2613-c9,row2613,discovery,comparative,HIGH,,,,,,,,
row2613-c10,row2613,discovery,comparative,LOW,,,,,,,,
row2613-c11,row2613,discovery,comparative,LOW,,,,,,,,
row2613-c12,row2613,discovery,comparative,MEDIUM,,,,,,,,
row2613-c13,row2613,discovery,comparative,LOW,,,,,,,,
row2618-c0,row2618,discovery,numeric,LOW,,,,,,,,
row2618-c1,row2618,discovery,comparative,LOW,,,,,,,,
row2618-c2,row2618,discovery,numeric,LOW,,,,,,,,
row2618-c3,row2618,discovery,numeric,MEDIUM,,,,,,,,
row2618-c4,row2618,discovery,numeric,LOW,,,,,,,,
row2620-c0,row2620,discovery,numeric,LOW,,,,,,,,
row2620-c1,row2620,discovery,numeric,LOW,,,,,,,,
row2620-c2,row2620,discovery,numeric,LOW,,,,,,,,
row2620-c3,row2620,discovery,numeric,MEDIUM,,,,,,,,
row2623-c0,row2623,discovery,numeric,LOW,,,,,,,,
row2623-c1,row2623,discovery,comparative,LOW,,,,,,,,
row2623-c2,row2623,discovery,comparative,LOW,,,,,,,,
row2623-c3,row2623,discovery,comparative,LOW,,,,,,,,
row2624-c0,row2624,discovery,comparative,LOW,,,,,,,,
row2630-c0,row2630,discovery,numeric,HIGH,,,,,,,,
row2632-c0,row2632,discovery,numeric,MEDIUM,,,,,,,,
row2632-c1,row2632,discovery,comparative,LOW,,,,,,,,
row2632-c2,row2632,discovery,comparative,HIGH,,,,,,,,
row2632-c3,row2632,discovery,numeric,MEDIUM,,,,,,,,
row2632-c4,row2632,discovery,numeric,MEDIUM,,,,,,,,
row2632-c5,row2632,discovery,numeric,MEDIUM,,,,,,,,
row2632-c6,row2632,discovery,numeric,LOW,,,,,,,,
row2632-c7,row2632,discovery,comparative,LOW,,,,,,,,
row2632-c8,row2632,discovery,comparative,MEDIUM,,,,,,,,
row2632-c9,row2632,discovery,comparative,LOW,,,,,,,,
row2632-c10,row2632,discovery,numeric,MEDIUM,,,,,,,,
row2635-c0,row2635,discovery,numeric,LOW,,,,,,,,
row2635-c1,row2635,discovery,comparative,LOW,,,,,,,,
row2635-c2,row2635,discovery,numeric,LOW,,,,,,,,
row2635-c3,row2635,discovery,numeric,MEDIUM,,,,,,,,
row2638-c0,row2638,discovery,comparative,MEDIUM,,,,,,,,
row2638-c1,row2638,discovery,numeric,MEDIUM,,,,,,,,
row2643-c0,row2643,discovery,numeric,LOW,,,,,,,,
row2646-c0,row2646,discovery,numeric,MEDIUM,,,,,,,,
row2646-c1,row2646,discovery,comparative,HIGH,,,,,,,,
row2646-c2,row2646,discovery,comparative,LOW,,,,,,,,
row2646-c3,row2646,discovery,numeric,LOW,,,,,,,,
row2646-c4,row2646,discovery,numeric,LOW,,,,,,,,
row2646-c5,row2646,discovery,numeric,LOW,,,,,,,,
row2646-c6,row2646,discovery,comparative,LOW,,,,,,,,
row2646-c7,row2646,discovery,comparative,HIGH,,,,,,,,
row2651-c0,row2651,discovery,comparative,MEDIUM,,,,,,,,
row2651-c1,row2651,discovery,superlative,LOW,,,,,,,,
row2651-c2,row2651,discovery,numeric,LOW,,,,,,,,
row2651-c3,row2651,discovery,comparative,LOW,,,,,,,,
row2651-c4,row2651,discovery,numeric,LOW,,,,,,,,
row2651-c5,row2651,discovery,numeric,MEDIUM,,,,,,,,
row2651-c6,row2651,discovery,threshold,LOW,,,,,,,,
row2651-c7,row2651,discovery,comparative,LOW,,,,,,,,
row2651-c8,row2651,discovery,numeric,LOW,,,,,,,,
row2651-c9,row2651,discovery,numeric,LOW,,,,,,,,
row2651-c10,row2651,discovery,numeric,LOW,,,,,,,,
row2651-c11,row2651,discovery,comparative,MEDIUM,,,,,,,,
row2651-c12,row2651,discovery,comparative,LOW,,,,,,,,
row2651-c13,row2651,discovery,comparative,LOW,,,,,,,,
row2651-c14,row2651,discovery,numeric,LOW,,,,,,,,
row2655-c0,row2655,discovery,numeric,HIGH,,,,,,,,
row2655-c1,row2655,discovery,numeric,MEDIUM,,,,,,,,
row2655-c2,row2655,discovery,numeric,HIGH,,,,,,,,
row2655-c3,row2655,discovery,numeric,HIGH,,,,,,,,
row2655-c4,row2655,discovery,numeric,LOW,,,,,,,,
row2655-c5,row2655,discovery,threshold,LOW,,,,,,,,
row2655-c6,row2655,discovery,numeric,LOW,,,,,,,,
row2660-c0,row2660,discovery,numeric,MEDIUM,,,,,,,,
row2660-c1,row2660,discovery,numeric,MEDIUM,,,,,,,,
row2660-c2,row2660,discovery,comparative,LOW,,,,,,,,
row2660-c3,row2660,discovery,comparative,MEDIUM,,,,,,,,
row2662-c0,row2662,discovery,numeric,LOW,,,,,,,,
row2662-c1,row2662,discovery,numeric,LOW,,,,,,,,
row2669-c0,row2669,discovery,numeric,MEDIUM,,,,,,,,
row2669-c1,row2669,discovery,comparative,MEDIUM,,,,,,,,
row2669-c2,row2669,discovery,comparative,MEDIUM,,,,,,,,
row2669-c3,row2669,discovery,numeric,MEDIUM,,,,,,,,
row2669-c4,row2669,discovery,numeric,MEDIUM,,,,,,,,
row2669-c5,row2669,discovery,comparative,MEDIUM,,,,,,,,
row2678-c0,row2678,discovery,comparative,MEDIUM,,,,,,,,
row2678-c1,row2678,discovery,numeric,MEDIUM,,,,,,,,
row2678-c2,row2678,discovery,comparative,LOW,,,,,,,,
row2679-c0,row2679,discovery,numeric,LOW,,,,,,,,
row2679-c1,row2679,discovery,trend,LOW,,,,,,,,
row2679-c2,row2679,discovery,comparative,LOW,,,,,,,,
row2679-c3,row2679,discovery,comparative,MEDIUM,,,,,,,,
row2679-c4,row2679,discovery,comparative,HIGH,,,,,,,,
row2681-c0,row2681,discovery,trend,MEDIUM,,,,,,,,
row2681-c1,row2681,discovery,comparative,HIGH,,,,,,,,
row2681-c2,row2681,discovery,comparative,HIGH,,,,,,,,
row2681-c3,row2681,discovery,comparative,MEDIUM,,,,,,,,
row2681-c4,row2681,discovery,comparative,MEDIUM,,,,,,,,
row2681-c5,row2681,discovery,comparative,MEDIUM,,,,,,,,
row2681-c6,row2681,discovery,comparative,MEDIUM,,,,,,,,
row2681-c7,row2681,discovery,comparative,HIGH,,,,,,,,
row2681-c8,row2681,discovery,comparative,LOW,,,,,,,,
row2681-c9,row2681,discovery,comparative,MEDIUM,,,,,,,,
row2681-c10,row2681,discovery,comparative,HIGH,,,,,,,,
row2681-c11,row2681,discovery,comparative,HIGH,,,,,,,,
row2681-c12,row2681,discovery,comparative,MEDIUM,,,,,,,,
row2682-c0,row2682,discovery,numeric,MEDIUM,,,,,,,,
row2687-c0,row2687,discovery,numeric,MEDIUM,,,,,,,,
row2688-c0,row2688,discovery,numeric,LOW,,,,,,,,
row2688-c1,row2688,discovery,numeric,LOW,,,,,,,,
row2688-c2,row2688,discovery,numeric,LOW,,,,,,,,
row2688-c3,row2688,discovery,trend,LOW,,,,,,,,
row2688-c4,row2688,discovery,numeric,LOW,,,,,,,,
row2688-c5,row2688,discovery,comparative,LOW,,,,,,,,
row2693-c0,row2693,discovery,numeric,HIGH,,,,,,,,
row2693-c1,row2693,discovery,numeric,MEDIUM,,,,,,,,
row2693-c2,row2693,discovery,numeric,HIGH,,,,,,,,
row2693-c3,row2693,discovery,comparative,LOW,,,,,,,,
row2693-c4,row2693,discovery,comparative,LOW,,,,,,,,
row2693-c5,row2693,discovery,comparative,LOW,,,,,,,,
row2693-c6,row2693,discovery,comparative,LOW,,,,,,,,
row2699-c0,row2699,discovery,numeric,LOW,,,,,,,,
row2699-c1,row2699,discovery,numeric,LOW,,,,,,,,
row2699-c2,row2699,discovery,comparative,MEDIUM,,,,,,,,
row2699-c3,row2699,discovery,comparative,LOW,,,,,,,,
row2700-c0,row2700,discovery,qualitative,UNKNOWN,,,,,,,,
row2700-c1,row2700,discovery,comparative,MEDIUM,,,,,,,,
row2700-c2,row2700,discovery,numeric,MEDIUM,,,,,,,,
row2700-c3,row2700,discovery,comparative,MEDIUM,,,,,,,,
row2700-c4,row2700,discovery,comparative,MEDIUM,,,,,,,,
row2700-c5,row2700,discovery,numeric,MEDIUM,,,,,,,,
row2700-c6,row2700,discovery,numeric,MEDIUM,,,,,,,,
row2700-c7,row2700,discovery,comparative,MEDIUM,,,,,,,,
row2703-c0,row2703,discovery,superlative,HIGH,,,,,,,,
row2703-c1,row2703,discovery,numeric,MEDIUM,,,,,,,,
row2703-c2,row2703,discovery,superlative,HIGH,,,,,,,,
row2703-c3,row2703,discovery,comparative,LOW,,,,,,,,
row2703-c4,row2703,discovery,numeric,MEDIUM,,,,,,,,
row2703-c5,row2703,discovery,superlative,HIGH,,,,,,,,
row2703-c6,row2703,discovery,numeric,LOW,,,,,,,,
row2703-c7,row2703,discovery,numeric,LOW,,,,,,,,
row2703-c8,row2703,discovery,numeric,LOW,,,,,,,,
row2703-c9,row2703,discovery,numeric,LOW,,,,,,,,
row2703-c10,row2703,discovery,comparative,LOW,,,,,,,,
row2703-c11,row2703,discovery,numeric,MEDIUM,,,,,,,,
row2704-c0,row2704,discovery,numeric,MEDIUM,,,,,,,,
row2704-c1,row2704,discovery,superlative,MEDIUM,,,,,,,,
row2704-c2,row2704,discovery,comparative,HIGH,,,,,,,,
row2704-c3,row2704,discovery,comparative,LOW,,,,,,,,
row29-c0,row29,evaluation,numeric,MEDIUM,DT_731Y001,DT_731Y001,,False,,unverifiable,no_mapping_applicable,no_gold
row29-c1,row29,evaluation,superlative,MEDIUM,DT_731Y001,DT_731Y001,,False,,unverifiable,no_mapping_applicable,no_gold
row29-c2,row29,evaluation,numeric,LOW,DT_2KAA809,DT_2KAA809,,False,,unverifiable,no_mapping_applicable,no_gold
row29-c3,row29,evaluation,numeric,LOW,DT_2KAA809,DT_2KAA809,,False,,unverifiable,no_mapping_applicable,no_gold
row29-c4,row29,evaluation,threshold,MEDIUM,DT_731Y001,DT_731Y001,,False,,unverifiable,no_mapping_applicable,no_gold
row29-c5,row29,evaluation,superlative,MEDIUM,DT_301Y013,DT_301Y013,,False,,unverifiable,no_mapping_applicable,no_gold
row85-c0,row85,evaluation,comparative,LOW,DT_200Y102,DT_200Y102,DT_200Y102,True,,unverifiable,mapping_confirms_baseline,no_gold
row85-c1,row85,evaluation,numeric,LOW,DT_200Y102,DT_200Y102,DT_200Y102,True,,unverifiable,mapping_confirms_baseline,no_gold
row85-c2,row85,evaluation,comparative,MEDIUM,DT_200Y001,DT_200Y001,,False,,unverifiable,no_mapping_applicable,no_gold
row85-c3,row85,evaluation,comparative,HIGH,DT_511Y002,DT_511Y002,DT_200Y102,False,DT_511Y002,baseline_verified,mapping_skipped_baseline_protected,scored
row85-c4,row85,evaluation,comparative,LOW,DT_1R11006_FRM101,DT_1R11006_FRM101,,False,,unverifiable,no_mapping_applicable,no_gold
row95-c0,row95,evaluation,numeric,MEDIUM,DT_200Y001,DT_30404_B012,DT_30404_B012,True,DT_30404_B012,mapping_verified,mapping_rescued_claim_improvement,scored
row95-c1,row95,evaluation,comparative,HIGH,DT_1L9U103,DT_1L9U103,DT_1L9U103,True,DT_1L9U103,baseline_verified,mapping_confirms_baseline,scored
row147-c0,row147,evaluation,numeric,MEDIUM,DT_118N_LCE0001,DT_118N_LCE0001,DT_118N_LCE0001,True,,unverifiable,mapping_confirms_baseline,no_gold
row147-c1,row147,evaluation,numeric,MEDIUM,DT_118N_LCE0001,DT_118N_LCE0001,DT_118N_LCE0001,True,,unverifiable,mapping_confirms_baseline,no_gold
row147-c2,row147,evaluation,qualitative,UNKNOWN,,,,,,,,skipped_not_verifiable
row147-c3,row147,evaluation,qualitative,UNKNOWN,,,,,,,,skipped_not_verifiable
row147-c4,row147,evaluation,qualitative,UNKNOWN,,,,,,,,skipped_not_verifiable
row147-c5,row147,evaluation,qualitative,UNKNOWN,,,,,,,,skipped_not_verifiable
row147-c6,row147,evaluation,numeric,MEDIUM,DT_118N_LCE0001,DT_118N_LCE0001,DT_118N_LCE0001,True,,unverifiable,mapping_confirms_baseline,no_gold
row147-c7,row147,evaluation,numeric,MEDIUM,DT_118N_LCE0001,DT_118N_LCE0001,DT_118N_LCE0001,True,,unverifiable,mapping_confirms_baseline,no_gold
row147-c8,row147,evaluation,numeric,MEDIUM,DT_118N_LCE0001,DT_118N_LCE0001,DT_118N_LCE0001,True,,unverifiable,mapping_confirms_baseline,no_gold
row152-c0,row152,evaluation,numeric,MEDIUM,DT_121Y006,DT_121Y006,,False,,unverifiable,no_mapping_applicable,no_gold
row152-c1,row152,evaluation,comparative,MEDIUM,DT_1L9U103,DT_1L9U103,,False,,unverifiable,no_mapping_applicable,no_gold
row152-c2,row152,evaluation,numeric,MEDIUM,DT_121Y006,DT_121Y006,,False,,unverifiable,no_mapping_applicable,no_gold
row152-c3,row152,evaluation,numeric,MEDIUM,DT_30404_B013,DT_30404_B013,,False,,unverifiable,no_mapping_applicable,no_gold
row152-c4,row152,evaluation,comparative,MEDIUM,DT_121Y006,DT_121Y006,,False,,unverifiable,no_mapping_applicable,no_gold
row152-c5,row152,evaluation,numeric,LOW,DT_121Y006,DT_121Y006,,False,,unverifiable,no_mapping_applicable,no_gold
row152-c6,row152,evaluation,numeric,HIGH,DT_121Y006,DT_121Y006,DT_200Y102,False,DT_121Y006,baseline_verified,mapping_skipped_baseline_protected,scored
row188-c0,row188,evaluation,numeric,HIGH,DT_401Y015,DT_401Y015,DT_1R11006_FRM101,False,DT_401Y015,baseline_verified,mapping_skipped_baseline_protected,scored
row188-c1,row188,evaluation,numeric,MEDIUM,DT_2OEEO032,DT_2OEEO032,DT_401Y015,False,,unverifiable,mapping_rejected_conflict,no_gold
row188-c2,row188,evaluation,comparative,LOW,DT_401Y015,DT_401Y015,DT_1R11006_FRM101,False,,unverifiable,mapping_rejected_conflict,no_gold
row188-c3,row188,evaluation,comparative,LOW,DT_401Y015,DT_401Y015,DT_1R11006_FRM101,False,,unverifiable,mapping_rejected_conflict,no_gold
row188-c4,row188,evaluation,comparative,HIGH,DT_401Y017,DT_401Y017,DT_402Y014,False,DT_401Y017,baseline_verified,mapping_skipped_baseline_protected,scored
row188-c5,row188,evaluation,comparative,HIGH,DT_401Y015,DT_401Y015,DT_1R11006_FRM101,False,DT_401Y015,baseline_verified,mapping_skipped_baseline_protected,scored
row188-c6,row188,evaluation,comparative,MEDIUM,DT_301Y013,DT_301Y013,,False,,unverifiable,no_mapping_applicable,no_gold
row188-c7,row188,evaluation,comparative,LOW,DT_401Y017,DT_401Y017,,False,,unverifiable,no_mapping_applicable,no_gold
row188-c8,row188,evaluation,comparative,MEDIUM,DT_036Y006,DT_036Y006,DT_402Y014,False,,unverifiable,mapping_rejected_conflict,no_gold
row188-c9,row188,evaluation,comparative,LOW,DT_401Y017,DT_401Y017,DT_401Y015,False,,unverifiable,mapping_rejected_conflict,no_gold
row188-c10,row188,evaluation,comparative,HIGH,DT_402Y014,DT_402Y014,DT_1R11006_FRM101,False,DT_402Y014,baseline_verified,mapping_skipped_baseline_protected,scored
row213-c0,row213,evaluation,numeric,MEDIUM,DT_512Y013,DT_512Y013,DT_121Y006,False,,unverifiable,mapping_rejected_conflict,no_gold
row213-c1,row213,evaluation,numeric,MEDIUM,DT_200Y001,DT_200Y001,DT_200Y001,True,,unverifiable,mapping_confirms_baseline,no_gold
row213-c2,row213,evaluation,numeric,MEDIUM,DT_66001_H000003,DT_66001_H000003,DT_121Y006,False,,unverifiable,mapping_rejected_conflict,no_gold
row213-c3,row213,evaluation,threshold,MEDIUM,DT_512Y013,DT_512Y013,DT_121Y006,False,,unverifiable,mapping_rejected_conflict,no_gold
row213-c4,row213,evaluation,numeric,MEDIUM,DT_200Y001,DT_200Y001,DT_200Y001,True,,unverifiable,mapping_confirms_baseline,no_gold
row213-c5,row213,evaluation,numeric,MEDIUM,DT_200Y001,DT_200Y001,DT_301Y013,False,,unverifiable,mapping_rejected_conflict,no_gold
row213-c6,row213,evaluation,comparative,MEDIUM,DT_121Y006,DT_121Y006,DT_121Y006,True,,unverifiable,mapping_confirms_baseline,no_gold
row213-c7,row213,evaluation,threshold,MEDIUM,DT_200Y001,DT_200Y001,DT_121Y006,False,,unverifiable,mapping_rejected_conflict,no_gold
row213-c8,row213,evaluation,numeric,MEDIUM,DT_121Y006,DT_121Y006,DT_121Y006,True,,unverifiable,mapping_confirms_baseline,no_gold
row213-c9,row213,evaluation,comparative,MEDIUM,DT_200Y001,DT_200Y001,DT_121Y006,False,,unverifiable,mapping_rejected_conflict,no_gold
row246-c0,row246,evaluation,qualitative,UNKNOWN,,,,,,,,skipped_not_verifiable
row253-c0,row253,evaluation,qualitative,UNKNOWN,,,,,,,,skipped_not_verifiable
row253-c1,row253,evaluation,numeric,HIGH,DT_200Y102,DT_200Y102,DT_200Y102,True,DT_200Y102,baseline_verified,mapping_confirms_baseline,scored
row253-c2,row253,evaluation,numeric,LOW,DT_200Y102,DT_200Y102,DT_200Y102,True,,unverifiable,mapping_confirms_baseline,no_gold
row253-c3,row253,evaluation,numeric,MEDIUM,DT_200Y102,DT_200Y102,DT_301Y013,False,,unverifiable,mapping_rejected_conflict,no_gold
row253-c4,row253,evaluation,comparative,HIGH,DT_511Y002,DT_511Y002,DT_511Y002,True,DT_511Y002,baseline_verified,mapping_confirms_baseline,scored
row253-c5,row253,evaluation,comparative,MEDIUM,DT_200Y102,DT_200Y102,DT_301Y013,False,,unverifiable,mapping_rejected_conflict,no_gold
row253-c6,row253,evaluation,comparative,LOW,DT_200Y102,DT_200Y102,DT_200Y102,True,,unverifiable,mapping_confirms_baseline,no_gold
row253-c7,row253,evaluation,numeric,MEDIUM,DT_1G18007,DT_1G18007,DT_301Y013,False,,unverifiable,mapping_rejected_conflict,no_gold
row267-c0,row267,evaluation,numeric,MEDIUM,DT_1R11006_FRM101,DT_1R11006_FRM101,DT_1R11006_FRM101,True,,unverifiable,mapping_confirms_baseline,no_gold
row267-c1,row267,evaluation,qualitative,UNKNOWN,,,,,,,,skipped_not_verifiable
row267-c2,row267,evaluation,numeric,MEDIUM,DT_134001_001,DT_134001_001,DT_1R11006_FRM101,False,,unverifiable,mapping_rejected_conflict,no_gold
row267-c3,row267,evaluation,comparative,LOW,DT_1R11006_FRM101,DT_1R11006_FRM101,DT_1R11006_FRM101,True,,unverifiable,mapping_confirms_baseline,no_gold
row267-c4,row267,evaluation,comparative,HIGH,DT_1R11006_FRM101,DT_1R11006_FRM101,DT_1R11006_FRM101,True,DT_1R11006_FRM101,baseline_verified,mapping_confirms_baseline,scored
row267-c5,row267,evaluation,superlative,LOW,DT_134001_001,DT_134001_001,DT_1R11006_FRM101,False,,unverifiable,mapping_rejected_conflict,no_gold
row296-c0,row296,evaluation,threshold,MEDIUM,DT_KBA0001,DT_KBA0001,,False,,unverifiable,no_mapping_applicable,no_gold
row296-c1,row296,evaluation,numeric,MEDIUM,DT_133001_9832,DT_133001_9832,,False,,unverifiable,no_mapping_applicable,no_gold
row296-c2,row296,evaluation,superlative,LOW,DT_V25_A013,DT_V25_A013,,False,,unverifiable,no_mapping_applicable,no_gold
row296-c3,row296,evaluation,comparative,LOW,DT_KBA0001,DT_KBA0001,,False,,unverifiable,no_mapping_applicable,no_gold
row296-c4,row296,evaluation,numeric,LOW,DT_A12010C,DT_A12010C,,False,,unverifiable,no_mapping_applicable,no_gold
row296-c5,row296,evaluation,comparative,LOW,TX_39301_A441,TX_39301_A441,,False,,unverifiable,no_mapping_applicable,no_gold
row355-c0,row355,evaluation,superlative,MEDIUM,DT_KBA0001,DT_KBA0001,,False,,unverifiable,no_mapping_applicable,no_gold
row355-c1,row355,evaluation,qualitative,UNKNOWN,,,,,,,,skipped_not_verifiable
row380-c0,row380,evaluation,numeric,LOW,DT_383003_C03012,DT_1DA7E06S_NEW,DT_1DA7E06S_NEW,True,DT_1DA7E06S_NEW,mapping_verified,mapping_rescued_claim_improvement,scored
row380-c1,row380,evaluation,numeric,LOW,DT_118N_LCE0001,DT_118N_LCE0001,DT_1DA7001S,False,,unverifiable,mapping_rejected_conflict,no_gold
row380-c2,row380,evaluation,numeric,LOW,DT_117104_C002,DT_117104_C002,DT_1DA7001S,False,,unverifiable,mapping_rejected_conflict,no_gold
row380-c3,row380,evaluation,superlative,MEDIUM,DT_1DA7001S,DT_1DA7001S,DT_1DA7E06S_NEW,False,,unverifiable,mapping_rejected_conflict,no_gold
row438-c0,row438,evaluation,comparative,MEDIUM,DT_731Y001,DT_511Y002,DT_511Y002,True,DT_511Y002,mapping_verified,mapping_rescued_claim_improvement,scored
row438-c1,row438,evaluation,numeric,MEDIUM,DT_731Y001,DT_731Y001,DT_301Y013,False,,unverifiable,mapping_rejected_conflict,no_gold
row438-c2,row438,evaluation,numeric,MEDIUM,DT_036Y003,DT_2KAA809,DT_2KAA809,True,DT_2KAA809,mapping_verified,mapping_rescued_claim_improvement,scored
row438-c3,row438,evaluation,comparative,MEDIUM,DT_200Y001,DT_200Y001,DT_2KAA809,False,,unverifiable,mapping_rejected_conflict,no_gold
row438-c4,row438,evaluation,trend,HIGH,DT_301Y013,DT_301Y013,DT_1R11006_FRM101,False,DT_301Y013,baseline_verified,mapping_skipped_baseline_protected,scored
row438-c5,row438,evaluation,qualitative,UNKNOWN,,,,,,,,skipped_not_verifiable
row438-c6,row438,evaluation,numeric,MEDIUM,DT_731Y001,DT_731Y001,DT_301Y013,False,,unverifiable,mapping_rejected_conflict,no_gold
row439-c0,row439,evaluation,trend,LOW,DT_115036_A088,DT_115036_A088,DT_1J22112,False,,unverifiable,mapping_rejected_conflict,no_gold
row439-c1,row439,evaluation,trend,HIGH,DT_1K41017,DT_1K41017,DT_1K41017,True,DT_1K41017,baseline_verified,mapping_confirms_baseline,scored
row439-c2,row439,evaluation,comparative,LOW,DT_1K41017,DT_1K41017,DT_1K41017,True,,unverifiable,mapping_confirms_baseline,no_gold
row439-c3,row439,evaluation,comparative,LOW,DT_1JH20202,DT_1JH20202,DT_1JH20201,False,,unverifiable,mapping_rejected_conflict,no_gold
row439-c4,row439,evaluation,comparative,MEDIUM,DT_1JH20202,DT_1JH20202,DT_1DA7E06S_NEW,False,,unverifiable,mapping_rejected_conflict,no_gold
row439-c5,row439,evaluation,comparative,MEDIUM,DT_1R11006_FRM101,DT_1R11006_FRM101,DT_1DA7E06S_NEW,False,,unverifiable,mapping_rejected_conflict,no_gold
row439-c6,row439,evaluation,trend,HIGH,DT_1K41017,DT_1K41017,DT_1K41017,True,DT_1K41017,baseline_verified,mapping_confirms_baseline,scored
row439-c7,row439,evaluation,comparative,LOW,DT_1G18007,DT_1G18007,DT_1G18007,True,,unverifiable,mapping_confirms_baseline,no_gold
row439-c8,row439,evaluation,comparative,LOW,DT_1JH20202,DT_1JH20202,DT_1J22112,False,,unverifiable,mapping_rejected_conflict,no_gold
row439-c9,row439,evaluation,comparative,HIGH,DT_092_115_2009_S023,DT_092_115_2009_S023,DT_092_115_2009_S023,True,DT_092_115_2009_S023,baseline_verified,mapping_confirms_baseline,scored
row439-c10,row439,evaluation,trend,MEDIUM,DT_1K41017,DT_1K41017,DT_1K41017,True,,unverifiable,mapping_confirms_baseline,no_gold
row439-c11,row439,evaluation,comparative,LOW,DT_1K41012,DT_1K41012,DT_1K41017,False,,unverifiable,mapping_rejected_conflict,no_gold
row439-c12,row439,evaluation,comparative,LOW,DT_1F70011,DT_1F70011,DT_1G18007,False,,unverifiable,mapping_rejected_conflict,no_gold
row439-c13,row439,evaluation,comparative,LOW,DT_1F70011,DT_1F70011,DT_1G18007,False,,unverifiable,mapping_rejected_conflict,no_gold
row447-c0,row447,evaluation,numeric,LOW,DT_1K41017,DT_1K41017,DT_1K41017,True,,unverifiable,mapping_confirms_baseline,no_gold
row447-c1,row447,evaluation,comparative,LOW,DT_2KAA2301,DT_2KAA2301,DT_1K41017,False,,unverifiable,mapping_rejected_conflict,no_gold
row447-c2,row447,evaluation,numeric,LOW,DT_1K41012,DT_1K41012,DT_1K41017,False,,unverifiable,mapping_rejected_conflict,no_gold
row447-c3,row447,evaluation,numeric,LOW,DT_1ZGG6,DT_1K41017,DT_1K41017,True,DT_1K41017,mapping_verified,mapping_rescued_claim_improvement,scored
row447-c4,row447,evaluation,comparative,LOW,DT_1K41017,DT_1K41017,DT_1K41017,True,,unverifiable,mapping_confirms_baseline,no_gold
row447-c5,row447,evaluation,comparative,HIGH,DT_1K41017,DT_1K41017,DT_1K41017,True,DT_1K41017,baseline_verified,mapping_confirms_baseline,scored
row447-c6,row447,evaluation,trend,MEDIUM,DT_1K41017,DT_1K41017,DT_1DA7001S,False,,unverifiable,mapping_rejected_conflict,no_gold
row447-c7,row447,evaluation,comparative,LOW,DT_1K41014,DT_1K41014,DT_1J22112,False,,unverifiable,mapping_rejected_conflict,no_gold
row447-c8,row447,evaluation,comparative,LOW,DT_1JH20201,DT_1JH20201,DT_1K41017,False,,unverifiable,mapping_rejected_conflict,no_gold
row447-c9,row447,evaluation,comparative,MEDIUM,DT_1JH20201,DT_1JH20201,DT_1K41017,False,,unverifiable,mapping_rejected_conflict,no_gold
row447-c10,row447,evaluation,comparative,LOW,DT_1G18007,DT_1G18007,DT_1J22112,False,,unverifiable,mapping_rejected_conflict,no_gold
row447-c11,row447,evaluation,comparative,MEDIUM,DT_092_115_2009_S023,DT_092_115_2009_S023,DT_092_115_2009_S023,True,,unverifiable,mapping_confirms_baseline,no_gold
row447-c12,row447,evaluation,comparative,LOW,DT_1F70011,DT_1F70011,DT_092_115_2009_S023,False,,unverifiable,mapping_rejected_conflict,no_gold
row447-c13,row447,evaluation,comparative,LOW,DT_1G18007,DT_1G18007,DT_1G18007,True,,unverifiable,mapping_confirms_baseline,no_gold
row450-c0,row450,evaluation,comparative,MEDIUM,DT_200Y001,DT_200Y001,DT_511Y002,False,,unverifiable,mapping_rejected_conflict,no_gold
row497-c0,row497,evaluation,numeric,LOW,DT_114_2014_S0003,DT_114_2014_S0003,,False,,unverifiable,no_mapping_applicable,no_gold
row497-c1,row497,evaluation,comparative,LOW,DT_2WH23146,DT_2WH23146,,False,,unverifiable,no_mapping_applicable,no_gold
row497-c2,row497,evaluation,comparative,LOW,DT_1J22112,DT_1J22112,DT_1R11006_FRM101,False,,unverifiable,mapping_rejected_conflict,no_gold
row497-c3,row497,evaluation,comparative,LOW,DT_1J54,DT_1J54,DT_1R11006_FRM101,False,,unverifiable,mapping_rejected_conflict,no_gold
row497-c4,row497,evaluation,comparative,LOW,DT_30404_B013,DT_30404_B013,DT_1R11006_FRM101,False,,unverifiable,mapping_rejected_conflict,no_gold
row497-c5,row497,evaluation,comparative,LOW,DT_1J62,DT_1J62,DT_1R11006_FRM101,False,,unverifiable,mapping_rejected_conflict,no_gold
row510-c0,row510,evaluation,numeric,LOW,DT_32202_A100,DT_32202_A100,,False,,unverifiable,no_mapping_applicable,no_gold
row510-c1,row510,evaluation,numeric,LOW,DT_32202_B004,DT_32202_B004,,False,,unverifiable,no_mapping_applicable,no_gold
row510-c2,row510,evaluation,comparative,LOW,DT_32202_A100,DT_32202_A100,,False,,unverifiable,no_mapping_applicable,no_gold
row510-c3,row510,evaluation,numeric,MEDIUM,DT_32202_B004,DT_32202_B004,,False,,unverifiable,no_mapping_applicable,no_gold
row512-c0,row512,evaluation,qualitative,UNKNOWN,,,,,,,,skipped_not_verifiable
row512-c1,row512,evaluation,numeric,MEDIUM,DT_1R11006_FRM101,DT_1R11006_FRM101,DT_1R11006_FRM101,True,,unverifiable,mapping_confirms_baseline,no_gold
row512-c2,row512,evaluation,comparative,MEDIUM,DT_1R11006_FRM101,DT_1R11006_FRM101,DT_1R11006_FRM101,True,,unverifiable,mapping_confirms_baseline,no_gold
row512-c3,row512,evaluation,comparative,MEDIUM,DT_1R11006_FRM101,DT_1R11006_FRM101,DT_1R11006_FRM101,True,,unverifiable,mapping_confirms_baseline,no_gold
row518-c0,row518,evaluation,numeric,MEDIUM,DT_212008_2020A068,DT_212008_2020A068,DT_121Y006,False,,unverifiable,mapping_rejected_conflict,no_gold
row518-c1,row518,evaluation,numeric,MEDIUM,DT_212008_2020A068,DT_212008_2020A068,DT_511Y002,False,,unverifiable,mapping_rejected_conflict,no_gold
row518-c2,row518,evaluation,numeric,MEDIUM,DT_702005_D012,DT_702005_D012,DT_311Y001,False,,unverifiable,mapping_rejected_conflict,no_gold
row518-c3,row518,evaluation,numeric,MEDIUM,DT_694005_C012,DT_694005_C012,DT_200Y001,False,,unverifiable,mapping_rejected_conflict,no_gold
row518-c4,row518,evaluation,numeric,MEDIUM,DT_121Y006,DT_121Y006,DT_121Y006,True,,unverifiable,mapping_confirms_baseline,no_gold
row518-c5,row518,evaluation,numeric,MEDIUM,DT_200Y001,DT_200Y001,DT_200Y001,True,,unverifiable,mapping_confirms_baseline,no_gold
row518-c6,row518,evaluation,numeric,MEDIUM,DT_200Y001,DT_200Y001,DT_200Y001,True,,unverifiable,mapping_confirms_baseline,no_gold
row518-c7,row518,evaluation,numeric,MEDIUM,DT_301Y013,DT_301Y013,DT_301Y013,True,,unverifiable,mapping_confirms_baseline,no_gold
row518-c8,row518,evaluation,numeric,LOW,DT_121Y006,DT_121Y006,DT_121Y006,True,,unverifiable,mapping_confirms_baseline,no_gold
row518-c9,row518,evaluation,numeric,LOW,DT_121Y006,DT_121Y006,DT_121Y006,True,,unverifiable,mapping_confirms_baseline,no_gold
row537-c0,row537,evaluation,comparative,HIGH,DT_1R11006_FRM101,DT_1R11006_FRM101,DT_1R11006_FRM101,True,DT_1R11006_FRM101,baseline_verified,mapping_confirms_baseline,scored
row537-c1,row537,evaluation,comparative,MEDIUM,DT_1R11006_FRM101,DT_1R11006_FRM101,DT_1R11006_FRM101,True,,unverifiable,mapping_confirms_baseline,no_gold
row537-c2,row537,evaluation,comparative,MEDIUM,DT_1R11006_FRM101,DT_1R11006_FRM101,DT_1R11006_FRM101,True,,unverifiable,mapping_confirms_baseline,no_gold
row537-c3,row537,evaluation,numeric,MEDIUM,DT_1R11006_FRM101,DT_1R11006_FRM101,DT_1R11006_FRM101,True,,unverifiable,mapping_confirms_baseline,no_gold
row537-c4,row537,evaluation,comparative,LOW,DT_1R11006_FRM101,DT_1R11006_FRM101,DT_1R11006_FRM101,True,,unverifiable,mapping_confirms_baseline,no_gold
row537-c5,row537,evaluation,comparative,MEDIUM,DT_1R11006_FRM101,DT_1R11006_FRM101,DT_1R11006_FRM101,True,,unverifiable,mapping_confirms_baseline,no_gold
row540-c0,row540,evaluation,numeric,LOW,DT_B02004_FRM105900,DT_B02004_FRM105900,,False,,unverifiable,no_mapping_applicable,no_gold
row540-c1,row540,evaluation,superlative,LOW,DT_1DA7001S,DT_1DA7001S,,False,,unverifiable,no_mapping_applicable,no_gold
row540-c2,row540,evaluation,numeric,LOW,DT_218008_2022B072,DT_218008_2022B072,DT_1DA7001S,False,,unverifiable,mapping_rejected_conflict,no_gold
row543-c0,row543,evaluation,numeric,HIGH,DT_200Y102,DT_200Y102,DT_511Y002,False,DT_200Y102,baseline_verified,mapping_skipped_baseline_protected,scored
row543-c1,row543,evaluation,comparative,MEDIUM,DT_161Y016,DT_161Y016,DT_511Y002,False,,unverifiable,mapping_rejected_conflict,no_gold
row543-c2,row543,evaluation,comparative,MEDIUM,DT_1DA7001S,DT_1DA7001S,,False,,unverifiable,no_mapping_applicable,no_gold
row578-c0,row578,evaluation,numeric,HIGH,DT_1DA7001S,DT_1DA7001S,DT_1DA7E06S_NEW,False,DT_1DA7001S,baseline_verified,mapping_skipped_baseline_protected,scored
row578-c1,row578,evaluation,numeric,MEDIUM,DT_1DA7001S,DT_1DA7001S,DT_1DA7001S,True,,unverifiable,mapping_confirms_baseline,no_gold
row578-c2,row578,evaluation,comparative,LOW,DT_1DA7102S,DT_1DA7102S,DT_1DA7001S,False,,unverifiable,mapping_rejected_conflict,no_gold
row578-c3,row578,evaluation,numeric,MEDIUM,DT_1GO950E,DT_1DA7001S,DT_1DA7001S,True,DT_1DA7001S,mapping_verified,mapping_rescued_claim_improvement,scored
row578-c4,row578,evaluation,comparative,LOW,DT_1DA7102S,DT_1DA7001S,DT_1DA7001S,True,DT_1DA7001S,mapping_verified,mapping_rescued_claim_improvement,scored
row578-c5,row578,evaluation,trend,MEDIUM,DT_1DA7102S,DT_1DA7001S,DT_1DA7001S,True,DT_1DA7001S,mapping_verified,mapping_rescued_claim_improvement,scored
row578-c6,row578,evaluation,comparative,LOW,DT_1DA7E06S_NEW,DT_1DA7E06S_NEW,DT_1DA7E06S_NEW,True,,unverifiable,mapping_confirms_baseline,no_gold
row578-c7,row578,evaluation,trend,LOW,DT_1DA7E06S_NEW,DT_1DA7E06S_NEW,DT_1DA7E06S_NEW,True,,unverifiable,mapping_confirms_baseline,no_gold
row604-c0,row604,evaluation,comparative,MEDIUM,DT_343_2010_S0093,DT_343_2010_S0093,DT_301Y013,False,,unverifiable,mapping_rejected_conflict,no_gold
row604-c1,row604,evaluation,comparative,LOW,DT_343_2010_S0027,DT_343_2010_S0027,DT_301Y013,False,,unverifiable,mapping_rejected_conflict,no_gold
row644-c0,row644,evaluation,qualitative,UNKNOWN,,,,,,,,skipped_not_verifiable
row644-c1,row644,evaluation,qualitative,UNKNOWN,,,,,,,,skipped_not_verifiable
row644-c2,row644,evaluation,comparative,MEDIUM,DT_2OEEO032,DT_2OEEO032,,False,,unverifiable,no_mapping_applicable,no_gold
row644-c3,row644,evaluation,trend,MEDIUM,DT_2OEEO018,DT_2OEEO018,DT_200Y102,False,,unverifiable,mapping_rejected_conflict,no_gold
row644-c4,row644,evaluation,threshold,MEDIUM,DT_200Y001,DT_200Y001,DT_200Y102,False,,unverifiable,mapping_rejected_conflict,no_gold
row644-c5,row644,evaluation,numeric,LOW,DT_200Y102,DT_200Y102,DT_200Y102,True,,unverifiable,mapping_confirms_baseline,no_gold
row644-c6,row644,evaluation,comparative,HIGH,DT_200Y102,DT_200Y102,DT_200Y102,True,DT_200Y102,baseline_verified,mapping_confirms_baseline,scored
row646-c0,row646,evaluation,numeric,LOW,DT_1K41017,DT_1K41017,DT_1K41017,True,,unverifiable,mapping_confirms_baseline,no_gold
row646-c1,row646,evaluation,trend,LOW,DT_1K41003,DT_1K41003,DT_1J22112,False,,unverifiable,mapping_rejected_conflict,no_gold
row646-c2,row646,evaluation,comparative,LOW,DT_1K41017,DT_1K41017,DT_1K41017,True,,unverifiable,mapping_confirms_baseline,no_gold
row646-c3,row646,evaluation,comparative,LOW,DT_1JH20202,DT_1JH20202,DT_1K41017,False,,unverifiable,mapping_rejected_conflict,no_gold
row646-c4,row646,evaluation,comparative,LOW,DT_092_115_2009_S023,DT_092_115_2009_S023,DT_092_115_2009_S023,True,,unverifiable,mapping_confirms_baseline,no_gold
row662-c0,row662,evaluation,numeric,MEDIUM,DT_12719N_2014_031,DT_12719N_2014_031,,False,,unverifiable,no_mapping_applicable,no_gold
row662-c1,row662,evaluation,numeric,MEDIUM,DT_127006_B015,DT_127006_B015,,False,,unverifiable,no_mapping_applicable,no_gold
row662-c2,row662,evaluation,comparative,MEDIUM,DT_1B04005N,DT_1B04005N,,False,,unverifiable,no_mapping_applicable,no_gold
row662-c3,row662,evaluation,comparative,MEDIUM,DT_127021_C007,DT_127021_C007,,False,,unverifiable,no_mapping_applicable,no_gold
row662-c4,row662,evaluation,numeric,MEDIUM,DT_127024_2024A067,DT_127024_2024A067,,False,,unverifiable,no_mapping_applicable,no_gold
row662-c5,row662,evaluation,comparative,MEDIUM,DT_12719N_2014_031,DT_12719N_2014_031,,False,,unverifiable,no_mapping_applicable,no_gold
row662-c6,row662,evaluation,numeric,MEDIUM,DT_127006_B002,DT_127006_B002,,False,,unverifiable,no_mapping_applicable,no_gold
row662-c7,row662,evaluation,comparative,MEDIUM,DT_127006_B014,DT_127006_B014,,False,,unverifiable,no_mapping_applicable,no_gold
row674-c0,row674,evaluation,threshold,MEDIUM,INH_1ES3A02S_03,INH_1ES3A02S_03,DT_1DA7001S,False,,unverifiable,mapping_rejected_conflict,no_gold
row674-c1,row674,evaluation,comparative,MEDIUM,DT_1ES3C08S,DT_1ES3C08S,DT_1DA7001S,False,,unverifiable,mapping_rejected_conflict,no_gold
row674-c2,row674,evaluation,numeric,MEDIUM,DT_400011,DT_400011,DT_1DA7E06S_NEW,False,,unverifiable,mapping_rejected_conflict,no_gold
row674-c3,row674,evaluation,comparative,LOW,DT_1DA7001S,DT_1DA7001S,DT_1DA7001S,True,,unverifiable,mapping_confirms_baseline,no_gold
row674-c4,row674,evaluation,numeric,LOW,DT_1DA7001S,DT_1DA7001S,DT_1DA7E06S_NEW,False,,unverifiable,mapping_rejected_conflict,no_gold
row698-c0,row698,evaluation,numeric,MEDIUM,DT_343_2010_S0186,DT_343_2010_S0186,DT_301Y013,False,,unverifiable,mapping_rejected_conflict,no_gold
row698-c1,row698,evaluation,numeric,MEDIUM,DT_343_2010_S0027,DT_343_2010_S0027,DT_511Y002,False,,unverifiable,mapping_rejected_conflict,no_gold
row698-c2,row698,evaluation,numeric,MEDIUM,DT_343_2010_S0001,DT_343_2010_S0001,DT_301Y013,False,,unverifiable,mapping_rejected_conflict,no_gold
row698-c3,row698,evaluation,numeric,MEDIUM,DT_343_2010_S0016,DT_343_2010_S0016,DT_301Y013,False,,unverifiable,mapping_rejected_conflict,no_gold
row708-c0,row708,evaluation,numeric,HIGH,DT_1B8000G,DT_1B8000G,DT_1DA7001S,False,DT_1B8000G,baseline_verified,mapping_skipped_baseline_protected,scored
row708-c1,row708,evaluation,numeric,MEDIUM,DT_1B8000G,DT_1B8000G,DT_1DA7001S,False,,unverifiable,mapping_rejected_conflict,no_gold
row708-c2,row708,evaluation,comparative,LOW,DT_115034_B008,DT_115034_B008,DT_1DA7E06S_NEW,False,,unverifiable,mapping_rejected_conflict,no_gold
row752-c0,row752,evaluation,numeric,MEDIUM,DT_101Y008,DT_101Y008,DT_1R11006_FRM101,False,,unverifiable,mapping_rejected_conflict,no_gold
row752-c1,row752,evaluation,numeric,LOW,DT_389003_A077,DT_389003_A077,DT_1L9U103,False,,unverifiable,mapping_rejected_conflict,no_gold
row752-c2,row752,evaluation,qualitative,UNKNOWN,,,,,,,,skipped_not_verifiable
row752-c3,row752,evaluation,numeric,MEDIUM,DT_1R11001_FRM101,DT_1R11001_FRM101,DT_1R11006_FRM101,False,,unverifiable,mapping_rejected_conflict,no_gold
row752-c4,row752,evaluation,numeric,MEDIUM,DT_1R11001_FRM101,DT_1R11006_FRM101,DT_1R11006_FRM101,True,DT_1R11006_FRM101,mapping_verified,mapping_rescued_claim_improvement,scored
row752-c5,row752,evaluation,numeric,MEDIUM,DT_512Y013,DT_512Y013,DT_343_2010_S0016,False,,unverifiable,mapping_rejected_conflict,no_gold
row752-c6,row752,evaluation,threshold,MEDIUM,DT_303Y004,DT_303Y004,DT_2KAA809,False,,unverifiable,mapping_rejected_conflict,no_gold
row758-c0,row758,evaluation,numeric,MEDIUM,DT_408_2006_S0047,DT_408_2006_S0047,DT_30404_B012,False,,unverifiable,mapping_rejected_conflict,no_gold
row758-c1,row758,evaluation,comparative,MEDIUM,DT_408_2006_S0001,DT_408_2006_S0001,DT_30404_B012,False,,unverifiable,mapping_rejected_conflict,no_gold
row823-c0,row823,evaluation,qualitative,UNKNOWN,,,,,,,,skipped_not_verifiable
row823-c1,row823,evaluation,qualitative,UNKNOWN,,,,,,,,skipped_not_verifiable
row823-c2,row823,evaluation,numeric,LOW,DT_134001_001,DT_134001_001,DT_1R11006_FRM101,False,,unverifiable,mapping_rejected_conflict,no_gold
row823-c3,row823,evaluation,numeric,LOW,DT_2WA003,DT_2WA003,DT_1R11006_FRM101,False,,unverifiable,mapping_rejected_conflict,no_gold
row823-c4,row823,evaluation,numeric,LOW,DT_2WA003,DT_2WA003,DT_1R11006_FRM101,False,,unverifiable,mapping_rejected_conflict,no_gold
row823-c5,row823,evaluation,qualitative,UNKNOWN,,,,,,,,skipped_not_verifiable
row823-c6,row823,evaluation,qualitative,UNKNOWN,,,,,,,,skipped_not_verifiable
row823-c7,row823,evaluation,qualitative,UNKNOWN,,,,,,,,skipped_not_verifiable
row823-c8,row823,evaluation,qualitative,UNKNOWN,,,,,,,,skipped_not_verifiable
row823-c9,row823,evaluation,qualitative,UNKNOWN,,,,,,,,skipped_not_verifiable
row823-c10,row823,evaluation,qualitative,UNKNOWN,,,,,,,,skipped_not_verifiable
row823-c11,row823,evaluation,numeric,MEDIUM,DT_301Y013,DT_301Y013,DT_1R11006_FRM101,False,,unverifiable,mapping_rejected_conflict,no_gold
row823-c12,row823,evaluation,numeric,LOW,DT_134001_001,DT_134001_001,DT_134001_001,True,,unverifiable,mapping_confirms_baseline,no_gold
row827-c0,row827,evaluation,numeric,LOW,DT_1G18007,DT_1G18007,DT_1G18007,True,,unverifiable,mapping_confirms_baseline,no_gold
row827-c1,row827,evaluation,numeric,LOW,DT_1K41017,DT_1K41017,DT_1K41017,True,,unverifiable,mapping_confirms_baseline,no_gold
row827-c2,row827,evaluation,numeric,HIGH,DT_1JH20202,DT_1JH20202,DT_1DA7001S,False,DT_1JH20202,baseline_verified,mapping_skipped_baseline_protected,scored
row827-c3,row827,evaluation,comparative,LOW,DT_201013_F024,DT_1J22112,DT_1J22112,True,DT_1J22112,mapping_verified,mapping_rescued_claim_improvement,scored
row827-c4,row827,evaluation,numeric,LOW,DT_1JH20201,DT_1JH20201,DT_1DA7E06S_NEW,False,,unverifiable,mapping_rejected_conflict,no_gold
row827-c5,row827,evaluation,comparative,LOW,DT_1F70011,DT_1J22112,DT_1J22112,True,DT_1J22112,mapping_verified,mapping_rescued_claim_improvement,scored
row827-c6,row827,evaluation,comparative,LOW,TX_13301_A011,DT_1J22112,DT_1J22112,True,DT_1J22112,mapping_verified,mapping_rescued_claim_improvement,scored
row827-c7,row827,evaluation,comparative,LOW,DT_1K41017,DT_1K41017,DT_1K41017,True,,unverifiable,mapping_confirms_baseline,no_gold
row827-c8,row827,evaluation,comparative,LOW,DT_1K41002,DT_1K41002,DT_1K41017,False,,unverifiable,mapping_rejected_conflict,no_gold
row827-c9,row827,evaluation,comparative,LOW,DT_920005_B005,DT_920005_B005,DT_1J22112,False,,unverifiable,mapping_rejected_conflict,no_gold
row839-c0,row839,evaluation,numeric,HIGH,DT_1J22003,DT_1J22003,DT_1J22003,True,DT_1J22003,baseline_verified,mapping_confirms_baseline,scored
row839-c1,row839,evaluation,comparative,MEDIUM,DT_1J22112,DT_1J22112,DT_1J22003,False,,unverifiable,mapping_rejected_conflict,no_gold
row839-c2,row839,evaluation,comparative,LOW,DT_1J22112,DT_1J22112,DT_1J22112,True,,unverifiable,mapping_confirms_baseline,no_gold
row839-c3,row839,evaluation,comparative,LOW,DT_1J22112,DT_1J22112,DT_1J22112,True,,unverifiable,mapping_confirms_baseline,no_gold
row839-c4,row839,evaluation,comparative,LOW,DT_2071H06,DT_1J22112,DT_1J22112,True,DT_1J22112,mapping_verified,mapping_rescued_claim_improvement,scored
row839-c5,row839,evaluation,numeric,HIGH,DT_1J22005,DT_1J22005,DT_1J22003,False,DT_1J22005,baseline_verified,mapping_skipped_baseline_protected,scored
row839-c6,row839,evaluation,numeric,LOW,DT_1J22004,DT_1J22004,DT_1K41017,False,,unverifiable,mapping_rejected_conflict,no_gold
row839-c7,row839,evaluation,comparative,HIGH,DT_1J22003,DT_1J22003,DT_1J22003,True,DT_1J22003,baseline_verified,mapping_confirms_baseline,scored
row839-c8,row839,evaluation,comparative,HIGH,DT_1J22003,DT_1J22003,DT_1J22003,True,DT_1J22003,baseline_verified,mapping_confirms_baseline,scored
row839-c9,row839,evaluation,comparative,LOW,DT_1J22112,DT_1J22112,DT_1J22112,True,,unverifiable,mapping_confirms_baseline,no_gold
row839-c10,row839,evaluation,comparative,LOW,DT_1J22005,DT_1J22005,DT_1J22003,False,,unverifiable,mapping_rejected_conflict,no_gold
row839-c11,row839,evaluation,comparative,HIGH,DT_1J22005,DT_1J22005,DT_1J22003,False,DT_1J22005,baseline_verified,mapping_skipped_baseline_protected,scored
row839-c12,row839,evaluation,comparative,LOW,DT_1J22112,DT_1J22003,DT_1J22003,True,DT_1J22003,mapping_verified,mapping_rescued_claim_improvement,scored
row839-c13,row839,evaluation,comparative,LOW,DT_217003N_H006C,DT_217003N_H006C,DT_1K41017,False,,unverifiable,mapping_rejected_conflict,no_gold
row839-c14,row839,evaluation,comparative,LOW,DT_1J22112,DT_1J22112,DT_1K41017,False,,unverifiable,mapping_rejected_conflict,no_gold
row839-c15,row839,evaluation,comparative,LOW,DT_1J22042,DT_1J22042,DT_1K41017,False,,unverifiable,mapping_rejected_conflict,no_gold
row839-c16,row839,evaluation,superlative,MEDIUM,DT_200Y001,DT_200Y001,DT_402Y014,False,,unverifiable,mapping_rejected_conflict,no_gold
row839-c17,row839,evaluation,numeric,LOW,DT_092_115_2009_S023,DT_092_115_2009_S023,DT_092_115_2009_S023,True,,unverifiable,mapping_confirms_baseline,no_gold
row840-c0,row840,evaluation,comparative,MEDIUM,DT_2KAA809,DT_2KAA809,DT_2KAA809,True,,unverifiable,mapping_confirms_baseline,no_gold
row840-c1,row840,evaluation,numeric,MEDIUM,DT_2KAA809,DT_2KAA809,DT_2KAA809,True,,unverifiable,mapping_confirms_baseline,no_gold
row842-c0,row842,evaluation,numeric,MEDIUM,DT_2OENA04,DT_2OENA04,DT_301Y013,False,,unverifiable,mapping_rejected_conflict,no_gold
row842-c1,row842,evaluation,trend,MEDIUM,DT_200Y001,DT_200Y001,DT_200Y102,False,,unverifiable,mapping_rejected_conflict,no_gold
row842-c2,row842,evaluation,trend,MEDIUM,DT_200Y102,DT_200Y102,DT_200Y102,True,,unverifiable,mapping_confirms_baseline,no_gold
row842-c3,row842,evaluation,trend,MEDIUM,DT_1R11001_FRM101,DT_1R11001_FRM101,DT_1R11006_FRM101,False,,unverifiable,mapping_rejected_conflict,no_gold
row854-c0,row854,evaluation,numeric,MEDIUM,TX_13301_A011,TX_13301_A011,TX_13301_A011,True,,unverifiable,mapping_confirms_baseline,no_gold
row855-c0,row855,evaluation,comparative,HIGH,DT_301Y013,DT_301Y013,DT_1R11006_FRM101,False,DT_301Y013,baseline_verified,mapping_skipped_baseline_protected,scored
row855-c1,row855,evaluation,comparative,LOW,DT_301Y013,DT_301Y013,DT_1R11006_FRM101,False,,unverifiable,mapping_rejected_conflict,no_gold
row855-c2,row855,evaluation,comparative,MEDIUM,DT_401Y015,DT_1R11006_FRM101,DT_1R11006_FRM101,True,DT_1R11006_FRM101,mapping_verified,mapping_rescued_claim_improvement,scored
row903-c0,row903,evaluation,numeric,HIGH,DT_134001_001,DT_134001_001,DT_1R11006_FRM101,False,DT_134001_001,baseline_verified,mapping_skipped_baseline_protected,scored
row903-c1,row903,evaluation,comparative,MEDIUM,DT_134001_001,DT_134001_001,DT_1R11006_FRM101,False,,unverifiable,mapping_rejected_conflict,no_gold
row903-c2,row903,evaluation,trend,MEDIUM,DT_1R11006_FRM101,DT_1R11006_FRM101,DT_1R11006_FRM101,True,,unverifiable,mapping_confirms_baseline,no_gold
row903-c3,row903,evaluation,comparative,LOW,DT_1R11006_FRM101,DT_1R11006_FRM101,DT_1R11006_FRM101,True,,unverifiable,mapping_confirms_baseline,no_gold
row903-c4,row903,evaluation,qualitative,UNKNOWN,,,,,,,,skipped_not_verifiable
row903-c5,row903,evaluation,comparative,LOW,DT_1R11006_FRM101,DT_1R11006_FRM101,DT_1R11006_FRM101,True,,unverifiable,mapping_confirms_baseline,no_gold
row921-c0,row921,evaluation,comparative,MEDIUM,DT_1DA7147S,DT_1DA7147S,DT_1DA7001S,False,,unverifiable,mapping_rejected_conflict,no_gold
row921-c1,row921,evaluation,numeric,LOW,DT_1G18007,DT_1G18007,DT_1DA7E06S_NEW,False,,unverifiable,mapping_rejected_conflict,no_gold
row921-c2,row921,evaluation,numeric,MEDIUM,DT_1DA7E06S_NEW,DT_1DA7E06S_NEW,DT_1DA7E06S_NEW,True,,unverifiable,mapping_confirms_baseline,no_gold
row921-c3,row921,evaluation,numeric,HIGH,DT_1DA7001S,DT_1DA7001S,DT_1DA7E06S_NEW,False,DT_1DA7001S,baseline_verified,mapping_skipped_baseline_protected,scored
row921-c4,row921,evaluation,numeric,HIGH,DT_1DA7001S,DT_1DA7001S,DT_1DA7E06S_NEW,False,DT_1DA7001S,baseline_verified,mapping_skipped_baseline_protected,scored
row948-c0,row948,evaluation,numeric,MEDIUM,DT_121Y006,DT_121Y006,DT_121Y006,True,,unverifiable,mapping_confirms_baseline,no_gold
row948-c1,row948,evaluation,comparative,MEDIUM,DT_121Y006,DT_121Y006,DT_121Y006,True,,unverifiable,mapping_confirms_baseline,no_gold
row948-c2,row948,evaluation,numeric,MEDIUM,DT_121Y006,DT_121Y006,DT_121Y006,True,,unverifiable,mapping_confirms_baseline,no_gold
row948-c3,row948,evaluation,qualitative,UNKNOWN,,,,,,,,skipped_not_verifiable
row971-c0,row971,evaluation,comparative,MEDIUM,DT_343_2010_S0028,DT_343_2010_S0028,DT_511Y002,False,,unverifiable,mapping_rejected_conflict,no_gold
row983-c0,row983,evaluation,numeric,MEDIUM,DT_200Y001,DT_200Y001,DT_121Y006,False,,unverifiable,mapping_rejected_conflict,no_gold
row983-c1,row983,evaluation,numeric,MEDIUM,DT_200Y102,DT_200Y102,DT_200Y102,True,,unverifiable,mapping_confirms_baseline,no_gold
row983-c2,row983,evaluation,qualitative,UNKNOWN,,,,,,,,skipped_not_verifiable
row983-c3,row983,evaluation,comparative,MEDIUM,DT_511Y003,DT_511Y003,DT_121Y006,False,,unverifiable,mapping_rejected_conflict,no_gold
row983-c4,row983,evaluation,comparative,MEDIUM,DT_200Y102,DT_200Y102,DT_511Y002,False,,unverifiable,mapping_rejected_conflict,no_gold
row983-c5,row983,evaluation,qualitative,UNKNOWN,,,,,,,,skipped_not_verifiable
row984-c0,row984,evaluation,superlative,LOW,DT_1K41017,DT_1K41017,DT_1K41017,True,,unverifiable,mapping_confirms_baseline,no_gold
row986-c0,row986,evaluation,numeric,MEDIUM,DT_161Y016,DT_161Y016,DT_301Y013,False,,unverifiable,mapping_rejected_conflict,no_gold
row1021-c0,row1021,evaluation,superlative,LOW,DT_1B8000G,DT_1B8000G,DT_1DA7001S,False,,unverifiable,mapping_rejected_conflict,no_gold
row1021-c1,row1021,evaluation,numeric,HIGH,DT_1B8000G,DT_1B8000G,DT_1B8000G,True,DT_1B8000G,baseline_verified,mapping_confirms_baseline,scored
row1021-c2,row1021,evaluation,superlative,LOW,DT_1NW2003,DT_1NW2003,DT_1B8000G,False,,unverifiable,mapping_rejected_conflict,no_gold
row1021-c3,row1021,evaluation,superlative,LOW,DT_1B8000G,DT_1B8000G,DT_1B8000G,True,,unverifiable,mapping_confirms_baseline,no_gold
row1021-c4,row1021,evaluation,superlative,MEDIUM,DT_1B8000G,DT_1B8000G,DT_1B8000G,True,,unverifiable,mapping_confirms_baseline,no_gold
row1021-c5,row1021,evaluation,numeric,MEDIUM,DT_200Y001,DT_200Y001,DT_1B8000G,False,,unverifiable,mapping_rejected_conflict,no_gold
row1021-c6,row1021,evaluation,numeric,LOW,TX_33101_A118,TX_33101_A118,DT_1B8000G,False,,unverifiable,mapping_rejected_conflict,no_gold
row1021-c7,row1021,evaluation,numeric,MEDIUM,DT_1B8000G,DT_1B8000G,DT_1B8000G,True,,unverifiable,mapping_confirms_baseline,no_gold
row1030-c0,row1030,evaluation,numeric,MEDIUM,DT_32202_A100,DT_32202_A100,DT_102N_AD01,False,,unverifiable,mapping_rejected_conflict,no_gold
row1030-c1,row1030,evaluation,numeric,MEDIUM,DT_1B8000G,DT_1B8000G,DT_102N_AD01,False,,unverifiable,mapping_rejected_conflict,no_gold
row1033-c0,row1033,evaluation,numeric,LOW,DT_623003_H012,DT_623003_H012,,False,,unverifiable,no_mapping_applicable,no_gold
row1061-c0,row1061,evaluation,numeric,LOW,DT_121Y006,DT_121Y006,DT_121Y006,True,,unverifiable,mapping_confirms_baseline,no_gold
row1061-c1,row1061,evaluation,numeric,MEDIUM,DT_121Y008,DT_121Y008,DT_121Y006,False,,unverifiable,mapping_rejected_conflict,no_gold
row1061-c2,row1061,evaluation,numeric,MEDIUM,DT_121Y006,DT_121Y006,DT_121Y006,True,,unverifiable,mapping_confirms_baseline,no_gold
row1061-c3,row1061,evaluation,comparative,MEDIUM,DT_121Y008,DT_121Y008,DT_121Y006,False,,unverifiable,mapping_rejected_conflict,no_gold
row1061-c4,row1061,evaluation,numeric,MEDIUM,DT_121Y008,DT_121Y008,DT_121Y006,False,,unverifiable,mapping_rejected_conflict,no_gold
row1061-c5,row1061,evaluation,numeric,LOW,DT_121Y006,DT_121Y006,DT_121Y006,True,,unverifiable,mapping_confirms_baseline,no_gold
row1061-c6,row1061,evaluation,numeric,MEDIUM,DT_301Y013,DT_301Y013,DT_511Y002,False,,unverifiable,mapping_rejected_conflict,no_gold
row1061-c7,row1061,evaluation,numeric,MEDIUM,DT_301Y013,DT_121Y006,DT_121Y006,True,DT_121Y006,mapping_verified,mapping_rescued_claim_improvement,scored
row1087-c0,row1087,evaluation,numeric,LOW,DT_1J22112,DT_1J22112,,False,,unverifiable,no_mapping_applicable,no_gold
row1087-c1,row1087,evaluation,numeric,LOW,DT_113_STBL_1027309,DT_113_STBL_1027309,,False,,unverifiable,no_mapping_applicable,no_gold
row1111-c0,row1111,evaluation,numeric,MEDIUM,DT_KBA0001,DT_KBA0001,,False,,unverifiable,no_mapping_applicable,no_gold
row1111-c1,row1111,evaluation,numeric,LOW,DT_311Y001,DT_311Y001,,False,,unverifiable,no_mapping_applicable,no_gold
row1111-c2,row1111,evaluation,numeric,LOW,DT_311Y001,DT_311Y001,DT_2KAA809,False,,unverifiable,mapping_rejected_conflict,no_gold
row1111-c3,row1111,evaluation,numeric,MEDIUM,DT_343_2010_S0027,DT_343_2010_S0027,,False,,unverifiable,no_mapping_applicable,no_gold
row1111-c4,row1111,evaluation,comparative,LOW,DT_200Y001,DT_200Y001,,False,,unverifiable,no_mapping_applicable,no_gold
row1111-c5,row1111,evaluation,numeric,LOW,DT_311Y001,DT_311Y001,,False,,unverifiable,no_mapping_applicable,no_gold
row1111-c6,row1111,evaluation,comparative,LOW,DT_311Y001,DT_311Y001,,False,,unverifiable,no_mapping_applicable,no_gold
row1119-c0,row1119,evaluation,numeric,MEDIUM,DT_1R11001_FRM101,DT_1R11006_FRM101,DT_1R11006_FRM101,True,DT_1R11006_FRM101,mapping_verified,mapping_rescued_claim_improvement,scored
row1119-c1,row1119,evaluation,threshold,MEDIUM,DT_1R11001_FRM101,DT_1R11001_FRM101,DT_301Y013,False,,unverifiable,mapping_rejected_conflict,no_gold
row1119-c2,row1119,evaluation,qualitative,UNKNOWN,,,,,,,,skipped_not_verifiable
row1119-c3,row1119,evaluation,numeric,MEDIUM,DT_134001_001,DT_134001_001,DT_1R11006_FRM101,False,,unverifiable,mapping_rejected_conflict,no_gold
row1125-c0,row1125,evaluation,comparative,HIGH,TX_13301_A011,TX_13301_A011,TX_13301_A011,True,TX_13301_A011,baseline_verified,mapping_confirms_baseline,scored
row1127-c0,row1127,evaluation,qualitative,UNKNOWN,,,,,,,,skipped_not_verifiable
row1127-c1,row1127,evaluation,threshold,MEDIUM,DT_80701_E028,DT_80701_E028,,False,,unverifiable,no_mapping_applicable,no_gold
row1127-c2,row1127,evaluation,numeric,MEDIUM,TX_13601_A020,TX_13601_A020,,False,,unverifiable,no_mapping_applicable,no_gold
row1127-c3,row1127,evaluation,threshold,MEDIUM,TX_13601_A020,TX_13601_A020,,False,,unverifiable,no_mapping_applicable,no_gold
row1184-c0,row1184,evaluation,qualitative,UNKNOWN,,,,,,,,skipped_not_verifiable
row1184-c1,row1184,evaluation,numeric,LOW,DT_121Y006,DT_121Y006,DT_121Y006,True,,unverifiable,mapping_confirms_baseline,no_gold
row1184-c2,row1184,evaluation,numeric,HIGH,DT_200Y102,DT_200Y102,DT_200Y102,True,DT_200Y102,baseline_verified,mapping_confirms_baseline,scored
row1184-c3,row1184,evaluation,numeric,HIGH,DT_1F70011,DT_1F70011,DT_1R11006_FRM101,False,DT_1F70011,baseline_verified,mapping_skipped_baseline_protected,scored
row1184-c4,row1184,evaluation,numeric,HIGH,DT_1K41017,DT_1K41017,DT_1R11006_FRM101,False,DT_1K41017,baseline_verified,mapping_skipped_baseline_protected,scored
row1184-c5,row1184,evaluation,numeric,MEDIUM,DT_121Y006,DT_121Y006,DT_121Y006,True,,unverifiable,mapping_confirms_baseline,no_gold
row1187-c0,row1187,evaluation,numeric,MEDIUM,DT_134001_001,DT_134001_001,DT_134001_001,True,,unverifiable,mapping_confirms_baseline,no_gold
row1193-c0,row1193,evaluation,numeric,HIGH,DT_1J22112,DT_1J22112,DT_1J22003,False,DT_1J22112,baseline_verified,mapping_skipped_baseline_protected,scored
row1193-c1,row1193,evaluation,comparative,LOW,DT_1J22112,DT_1J22112,DT_1J22112,True,,unverifiable,mapping_confirms_baseline,no_gold
row1193-c2,row1193,evaluation,numeric,MEDIUM,DT_1J22112,DT_1J22112,,False,,unverifiable,no_mapping_applicable,no_gold
row1203-c0,row1203,evaluation,numeric,HIGH,DT_1J22003,DT_1J22003,DT_1J22003,True,DT_1J22003,baseline_verified,mapping_confirms_baseline,scored
row1203-c1,row1203,evaluation,comparative,MEDIUM,DT_1J22112,DT_1J22112,DT_1J22003,False,,unverifiable,mapping_rejected_conflict,no_gold
row1203-c2,row1203,evaluation,numeric,HIGH,DT_1J22112,DT_1J22112,DT_1J22003,False,DT_1J22112,baseline_verified,mapping_skipped_baseline_protected,scored
row1203-c3,row1203,evaluation,comparative,HIGH,DT_1J22003,DT_1J22003,DT_1J22003,True,DT_1J22003,baseline_verified,mapping_confirms_baseline,scored
row1203-c4,row1203,evaluation,comparative,HIGH,DT_1J22112,DT_1J22112,DT_1J22003,False,DT_1J22112,baseline_verified,mapping_skipped_baseline_protected,scored
row1203-c5,row1203,evaluation,trend,LOW,DT_1J22003,DT_1J22003,DT_1J22003,True,,unverifiable,mapping_confirms_baseline,no_gold
row1206-c0,row1206,evaluation,comparative,LOW,DT_311Y001,DT_311Y001,DT_2KAA809,False,,unverifiable,mapping_rejected_conflict,no_gold
row1206-c1,row1206,evaluation,numeric,HIGH,DT_2KAA809,DT_2KAA809,DT_2KAA809,True,DT_2KAA809,baseline_verified,mapping_confirms_baseline,scored
row1253-c0,row1253,evaluation,numeric,HIGH,DT_1B8000G,DT_1B8000G,DT_1B8000G,True,DT_1B8000G,baseline_verified,mapping_confirms_baseline,scored
row1253-c1,row1253,evaluation,comparative,HIGH,DT_1B8000G,DT_1B8000G,DT_1B8000G,True,DT_1B8000G,baseline_verified,mapping_confirms_baseline,scored
row1253-c2,row1253,evaluation,trend,MEDIUM,DT_1B8000G,DT_1B8000G,DT_1B8000G,True,,unverifiable,mapping_confirms_baseline,no_gold
row1253-c3,row1253,evaluation,numeric,MEDIUM,DT_1B04005N,DT_1B04005N,DT_1B04005N,True,,unverifiable,mapping_confirms_baseline,no_gold
row1253-c4,row1253,evaluation,numeric,MEDIUM,DT_206013_2024_A17,DT_206013_2024_A17,DT_1B8000G,False,,unverifiable,mapping_rejected_conflict,no_gold
row1253-c5,row1253,evaluation,numeric,MEDIUM,DT_206013_2024_A17,DT_206013_2024_A17,DT_1B8000G,False,,unverifiable,mapping_rejected_conflict,no_gold
row1253-c6,row1253,evaluation,numeric,HIGH,DT_1B8000G,DT_1B8000G,DT_1B8000G,True,DT_1B8000G,baseline_verified,mapping_confirms_baseline,scored
row1273-c0,row1273,evaluation,numeric,LOW,DT_1IA2033,DT_1IA2033,,False,,unverifiable,no_mapping_applicable,no_gold
row1273-c1,row1273,evaluation,numeric,MEDIUM,DT_301Y013,DT_301Y013,,False,,unverifiable,no_mapping_applicable,no_gold
row1273-c2,row1273,evaluation,numeric,LOW,DT_2OEV120,DT_2OEV120,,False,,unverifiable,no_mapping_applicable,no_gold
row1273-c3,row1273,evaluation,numeric,MEDIUM,DT_30404_B013,DT_30404_B013,,False,,unverifiable,no_mapping_applicable,no_gold
row1277-c0,row1277,evaluation,numeric,MEDIUM,DT_102006_001,DT_102006_001,DT_102006_001,True,,unverifiable,mapping_confirms_baseline,no_gold
row1277-c1,row1277,evaluation,numeric,HIGH,DT_102006_001,DT_102006_001,DT_102006_001,True,DT_102006_001,baseline_verified,mapping_confirms_baseline,scored
row1277-c2,row1277,evaluation,comparative,MEDIUM,DT_200Y001,DT_200Y102,DT_200Y102,True,DT_200Y102,mapping_verified,mapping_rescued_claim_improvement,scored
row1277-c3,row1277,evaluation,comparative,MEDIUM,DT_102N_AD01,DT_102N_AD01,DT_200Y102,False,,unverifiable,mapping_rejected_conflict,no_gold
row1277-c4,row1277,evaluation,trend,LOW,DT_200Y001,DT_200Y001,DT_200Y102,False,,unverifiable,mapping_rejected_conflict,no_gold
row1284-c0,row1284,evaluation,trend,MEDIUM,DT_1B04005N,DT_1B04005N,DT_1DA7001S,False,,unverifiable,mapping_rejected_conflict,no_gold
row1284-c1,row1284,evaluation,numeric,LOW,DT_1DA7001S,DT_1DA7001S,DT_1DA7E06S_NEW,False,,unverifiable,mapping_rejected_conflict,no_gold
row1284-c2,row1284,evaluation,trend,MEDIUM,DT_1DA7001S,DT_1DA7001S,DT_1DA7E06S_NEW,False,,unverifiable,mapping_rejected_conflict,no_gold
row1284-c3,row1284,evaluation,numeric,HIGH,DT_1DA7001S,DT_1DA7001S,DT_1DA7E06S_NEW,False,DT_1DA7001S,baseline_verified,mapping_skipped_baseline_protected,scored
row1284-c4,row1284,evaluation,superlative,MEDIUM,DT_1DA7102S,DT_1DA7E06S_NEW,DT_1DA7E06S_NEW,True,DT_1DA7E06S_NEW,mapping_verified,mapping_rescued_claim_improvement,scored
row1284-c5,row1284,evaluation,threshold,LOW,DT_1DA7102S,DT_1DA7102S,DT_1DA7E06S_NEW,False,,unverifiable,mapping_rejected_conflict,no_gold
row1284-c6,row1284,evaluation,numeric,MEDIUM,DT_1DA7E06S_NEW,DT_1DA7E06S_NEW,DT_1DA7E06S_NEW,True,,unverifiable,mapping_confirms_baseline,no_gold
row1284-c7,row1284,evaluation,comparative,MEDIUM,DT_1DA7147S,DT_1DA7147S,DT_1DA7001S,False,,unverifiable,mapping_rejected_conflict,no_gold
row1284-c8,row1284,evaluation,comparative,LOW,DT_1B04005N,DT_1B04005N,DT_1B04005N,True,,unverifiable,mapping_confirms_baseline,no_gold
row1284-c9,row1284,evaluation,numeric,LOW,DT_1DA7147S,DT_1DA7147S,DT_1DA7001S,False,,unverifiable,mapping_rejected_conflict,no_gold
row1284-c10,row1284,evaluation,superlative,MEDIUM,DT_200Y001,DT_200Y001,DT_1DA7001S,False,,unverifiable,mapping_rejected_conflict,no_gold
row1284-c11,row1284,evaluation,numeric,MEDIUM,DT_1DA7102S,DT_1DA7102S,DT_1DA7001S,False,,unverifiable,mapping_rejected_conflict,no_gold
row1334-c0,row1334,evaluation,numeric,MEDIUM,DT_343_2010_S0027,DT_343_2010_S0027,DT_301Y013,False,,unverifiable,mapping_rejected_conflict,no_gold
row1334-c1,row1334,evaluation,comparative,MEDIUM,DT_343_2010_S0027,DT_343_2010_S0027,DT_1R11006_FRM101,False,,unverifiable,mapping_rejected_conflict,no_gold
row1334-c2,row1334,evaluation,qualitative,UNKNOWN,,,,,,,,skipped_not_verifiable
row1334-c3,row1334,evaluation,comparative,MEDIUM,DT_343_2010_S0039,DT_343_2010_S0039,DT_1R11006_FRM101,False,,unverifiable,mapping_rejected_conflict,no_gold
row1334-c4,row1334,evaluation,numeric,MEDIUM,DT_343_2010_S0027,DT_343_2010_S0027,DT_301Y013,False,,unverifiable,mapping_rejected_conflict,no_gold
row1334-c5,row1334,evaluation,qualitative,UNKNOWN,,,,,,,,skipped_not_verifiable
row1334-c6,row1334,evaluation,numeric,MEDIUM,DT_343_2010_S0027,DT_343_2010_S0027,DT_2KAA809,False,,unverifiable,mapping_rejected_conflict,no_gold
row1334-c7,row1334,evaluation,numeric,MEDIUM,DT_343_2010_S0027,DT_343_2010_S0027,DT_511Y002,False,,unverifiable,mapping_rejected_conflict,no_gold
row1344-c0,row1344,evaluation,numeric,LOW,DT_1JH20201,DT_1JH20201,DT_1K41017,False,,unverifiable,mapping_rejected_conflict,no_gold
row1344-c1,row1344,evaluation,numeric,MEDIUM,DT_1DA7001S,DT_1DA7001S,DT_1DA7E06S_NEW,False,,unverifiable,mapping_rejected_conflict,no_gold
row1344-c2,row1344,evaluation,comparative,LOW,DT_1DA7E06S_NEW,DT_1DA7E06S_NEW,DT_1DA7E06S_NEW,True,,unverifiable,mapping_confirms_baseline,no_gold
row1358-c0,row1358,evaluation,numeric,MEDIUM,DT_1LC0012,DT_1LC0012,DT_1DA7001S,False,,unverifiable,mapping_rejected_conflict,no_gold
row1358-c1,row1358,evaluation,numeric,MEDIUM,DT_1B04005N,DT_1B8000G,DT_1B8000G,True,DT_1B8000G,mapping_verified,mapping_rescued_claim_improvement,scored
row1358-c2,row1358,evaluation,comparative,MEDIUM,DT_1DA7E06S_NEW,DT_1DA7E06S_NEW,DT_1DA7E06S_NEW,True,,unverifiable,mapping_confirms_baseline,no_gold
row1383-c0,row1383,evaluation,qualitative,UNKNOWN,,,,,,,,skipped_not_verifiable
row1383-c1,row1383,evaluation,numeric,MEDIUM,DT_200Y001,DT_200Y001,DT_301Y013,False,,unverifiable,mapping_rejected_conflict,no_gold
row1383-c2,row1383,evaluation,numeric,MEDIUM,DT_200Y001,DT_200Y001,DT_301Y013,False,,unverifiable,mapping_rejected_conflict,no_gold
row1383-c3,row1383,evaluation,numeric,MEDIUM,DT_200Y102,DT_200Y102,DT_200Y102,True,,unverifiable,mapping_confirms_baseline,no_gold
row1383-c4,row1383,evaluation,numeric,HIGH,DT_200Y102,DT_200Y102,DT_301Y013,False,DT_200Y102,baseline_verified,mapping_skipped_baseline_protected,scored
row1383-c5,row1383,evaluation,numeric,MEDIUM,DT_731Y001,DT_731Y001,DT_121Y006,False,,unverifiable,mapping_rejected_conflict,no_gold
row1383-c6,row1383,evaluation,numeric,MEDIUM,DT_121Y006,DT_121Y006,DT_121Y006,True,,unverifiable,mapping_confirms_baseline,no_gold
row1383-c7,row1383,evaluation,comparative,MEDIUM,DT_200Y001,DT_200Y001,DT_121Y006,False,,unverifiable,mapping_rejected_conflict,no_gold
row1449-c0,row1449,evaluation,numeric,MEDIUM,DT_1J22112,DT_1J22112,,False,,unverifiable,no_mapping_applicable,no_gold
row1449-c1,row1449,evaluation,numeric,HIGH,DT_102N_AD01,DT_102N_AD01,DT_102N_AD01,True,DT_102N_AD01,baseline_verified,mapping_confirms_baseline,scored
row1449-c2,row1449,evaluation,comparative,MEDIUM,DT_1J22112,DT_1J22112,,False,,unverifiable,no_mapping_applicable,no_gold
row1486-c0,row1486,evaluation,numeric,LOW,DT_1K41017,DT_1K41017,DT_1DA7001S,False,,unverifiable,mapping_rejected_conflict,no_gold
row1486-c1,row1486,evaluation,numeric,LOW,DT_1DA7E06S_NEW,DT_1DA7E06S_NEW,DT_1DA7E06S_NEW,True,,unverifiable,mapping_confirms_baseline,no_gold
row1486-c2,row1486,evaluation,numeric,LOW,DT_1G15005,DT_1G15005,DT_1DA7E06S_NEW,False,,unverifiable,mapping_rejected_conflict,no_gold
row1486-c3,row1486,evaluation,numeric,LOW,DT_154021_22AA001800,DT_154021_22AA001800,DT_1DA7001S,False,,unverifiable,mapping_rejected_conflict,no_gold
row1486-c4,row1486,evaluation,numeric,LOW,DT_1DA7E06S_NEW,DT_1DA7E06S_NEW,DT_1DA7E06S_NEW,True,,unverifiable,mapping_confirms_baseline,no_gold
row1486-c5,row1486,evaluation,numeric,LOW,DT_113_STBL_1030609,DT_113_STBL_1030609,DT_1DA7E06S_NEW,False,,unverifiable,mapping_rejected_conflict,no_gold
row1486-c6,row1486,evaluation,numeric,LOW,DT_1DA7E06S_NEW,DT_1DA7E06S_NEW,DT_1DA7E06S_NEW,True,,unverifiable,mapping_confirms_baseline,no_gold
row1499-c0,row1499,evaluation,numeric,HIGH,DT_200Y102,DT_200Y102,DT_301Y013,False,DT_200Y102,baseline_verified,mapping_skipped_baseline_protected,scored
row1499-c1,row1499,evaluation,numeric,HIGH,DT_200Y102,DT_200Y102,DT_511Y002,False,DT_200Y102,baseline_verified,mapping_skipped_baseline_protected,scored
row1499-c2,row1499,evaluation,comparative,LOW,DT_200Y102,DT_200Y102,DT_402Y014,False,,unverifiable,mapping_rejected_conflict,no_gold
row1499-c3,row1499,evaluation,comparative,MEDIUM,DT_200Y102,DT_200Y102,DT_301Y013,False,,unverifiable,mapping_rejected_conflict,no_gold
row1577-c0,row1577,evaluation,numeric,LOW,DT_15201_2012_N000,DT_15201_2012_N000,,False,,unverifiable,no_mapping_applicable,no_gold
row1577-c1,row1577,evaluation,numeric,LOW,DT_15205_100,DT_15205_100,,False,,unverifiable,no_mapping_applicable,no_gold
row1577-c2,row1577,evaluation,comparative,LOW,DT_512Y013,DT_512Y013,,False,,unverifiable,no_mapping_applicable,no_gold
row1641-c0,row1641,evaluation,comparative,LOW,DT_113_STBL_1016066,DT_113_STBL_1016066,,False,,unverifiable,no_mapping_applicable,no_gold
row1641-c1,row1641,evaluation,numeric,MEDIUM,DT_134001_001,DT_134001_001,DT_1R11006_FRM101,False,,unverifiable,mapping_rejected_conflict,no_gold
row1678-c0,row1678,evaluation,trend,MEDIUM,DT_161Y016,DT_402Y014,DT_402Y014,True,DT_402Y014,mapping_verified,mapping_rescued_claim_improvement,scored
row1678-c1,row1678,evaluation,comparative,LOW,DT_1R11006_FRM101,DT_1R11006_FRM101,DT_1R11006_FRM101,True,,unverifiable,mapping_confirms_baseline,no_gold
row1678-c2,row1678,evaluation,comparative,MEDIUM,DT_2OEEO032,DT_2OEEO032,DT_1R11006_FRM101,False,,unverifiable,mapping_rejected_conflict,no_gold
row1678-c3,row1678,evaluation,comparative,MEDIUM,DT_401Y015,DT_401Y015,DT_1R11006_FRM101,False,,unverifiable,mapping_rejected_conflict,no_gold
row1678-c4,row1678,evaluation,qualitative,UNKNOWN,,,,,,,,skipped_not_verifiable
row1692-c0,row1692,evaluation,numeric,HIGH,DT_200Y102,DT_200Y102,DT_301Y013,False,DT_200Y102,baseline_verified,mapping_skipped_baseline_protected,scored
row1692-c1,row1692,evaluation,numeric,LOW,DT_200Y102,DT_200Y102,DT_1R11006_FRM101,False,,unverifiable,mapping_rejected_conflict,no_gold
row1692-c2,row1692,evaluation,comparative,MEDIUM,DT_311Y001,DT_311Y001,DT_2KAA809,False,,unverifiable,mapping_rejected_conflict,no_gold
row1692-c3,row1692,evaluation,comparative,LOW,DT_200Y102,DT_200Y102,DT_511Y002,False,,unverifiable,mapping_rejected_conflict,no_gold
row1718-c0,row1718,evaluation,numeric,MEDIUM,DT_134001_001,DT_134001_001,DT_1R11006_FRM101,False,,unverifiable,mapping_rejected_conflict,no_gold
row1718-c1,row1718,evaluation,numeric,MEDIUM,DT_1R11006_FRM101,DT_1R11006_FRM101,DT_1R11006_FRM101,True,,unverifiable,mapping_confirms_baseline,no_gold
row1718-c2,row1718,evaluation,qualitative,UNKNOWN,,,,,,,,skipped_not_verifiable
row1718-c3,row1718,evaluation,comparative,LOW,DT_134001_001,DT_134001_001,DT_1R11006_FRM101,False,,unverifiable,mapping_rejected_conflict,no_gold
row1718-c4,row1718,evaluation,numeric,MEDIUM,DT_1R11006_FRM101,DT_1R11006_FRM101,DT_1R11006_FRM101,True,,unverifiable,mapping_confirms_baseline,no_gold
row1718-c5,row1718,evaluation,numeric,MEDIUM,DT_1R11006_FRM101,DT_1R11006_FRM101,DT_1R11006_FRM101,True,,unverifiable,mapping_confirms_baseline,no_gold
row1731-c0,row1731,evaluation,comparative,MEDIUM,DT_200Y102,DT_200Y102,DT_200Y102,True,,unverifiable,mapping_confirms_baseline,no_gold
row1731-c1,row1731,evaluation,comparative,HIGH,DT_200Y102,DT_200Y102,DT_200Y102,True,DT_200Y102,baseline_verified,mapping_confirms_baseline,scored
row1731-c2,row1731,evaluation,qualitative,UNKNOWN,,,,,,,,skipped_not_verifiable
row1731-c3,row1731,evaluation,numeric,MEDIUM,DT_321003N_022,DT_321003N_022,,False,,unverifiable,no_mapping_applicable,no_gold
row1736-c0,row1736,evaluation,numeric,LOW,DT_1DA7E06S_NEW,DT_1DA7E06S_NEW,DT_1DA7E06S_NEW,True,,unverifiable,mapping_confirms_baseline,no_gold
row1736-c1,row1736,evaluation,numeric,LOW,DT_1DA7102S,DT_1DA7102S,DT_1DA7001S,False,,unverifiable,mapping_rejected_conflict,no_gold
row1736-c2,row1736,evaluation,numeric,HIGH,DT_1DA7001S,DT_1DA7001S,DT_1DA7E06S_NEW,False,DT_1DA7001S,baseline_verified,mapping_skipped_baseline_protected,scored
row1736-c3,row1736,evaluation,trend,HIGH,DT_1DA7001S,DT_1DA7001S,DT_1DA7E06S_NEW,False,DT_1DA7001S,baseline_verified,mapping_skipped_baseline_protected,scored
row1736-c4,row1736,evaluation,superlative,MEDIUM,DT_1DA7001S,DT_1DA7001S,DT_1DA7001S,True,,unverifiable,mapping_confirms_baseline,no_gold
row1736-c5,row1736,evaluation,comparative,MEDIUM,DT_1DA7001S,DT_1DA7001S,DT_1DA7001S,True,,unverifiable,mapping_confirms_baseline,no_gold
row1736-c6,row1736,evaluation,comparative,MEDIUM,DT_1DA7102S,DT_1DA7102S,DT_1DA7001S,False,,unverifiable,mapping_rejected_conflict,no_gold
row1736-c7,row1736,evaluation,trend,MEDIUM,DT_1DA7E06S_NEW,DT_1DA7E06S_NEW,DT_1DA7E06S_NEW,True,,unverifiable,mapping_confirms_baseline,no_gold
row1750-c0,row1750,evaluation,comparative,MEDIUM,DT_731Y001,DT_731Y001,,False,,unverifiable,no_mapping_applicable,no_gold
row1916-c0,row1916,evaluation,superlative,LOW,DT_163002_A031,DT_163002_A031,DT_1DA7147S,False,,unverifiable,mapping_rejected_conflict,no_gold
row1916-c1,row1916,evaluation,comparative,MEDIUM,DT_1DA7147S,DT_1DA7147S,DT_1DA7001S,False,,unverifiable,mapping_rejected_conflict,no_gold
row1916-c2,row1916,evaluation,comparative,MEDIUM,DT_1DA7147S,DT_1DA7147S,DT_1DA7E06S_NEW,False,,unverifiable,mapping_rejected_conflict,no_gold
row1916-c3,row1916,evaluation,comparative,MEDIUM,DT_1DA7001S,DT_1DA7001S,DT_1DA7001S,True,,unverifiable,mapping_confirms_baseline,no_gold
row1916-c4,row1916,evaluation,qualitative,UNKNOWN,,,,,,,,skipped_not_verifiable
row1916-c5,row1916,evaluation,numeric,MEDIUM,DT_1DA7001S,DT_1DA7001S,DT_1DA7001S,True,,unverifiable,mapping_confirms_baseline,no_gold
row1916-c6,row1916,evaluation,numeric,LOW,DT_1DA7E06S_NEW,DT_1DA7E06S_NEW,DT_1DA7E06S_NEW,True,,unverifiable,mapping_confirms_baseline,no_gold
row1916-c7,row1916,evaluation,threshold,LOW,DT_2OEEG085,DT_2OEEG085,DT_1J22112,False,,unverifiable,mapping_rejected_conflict,no_gold
row1927-c0,row1927,evaluation,numeric,MEDIUM,DT_311Y001,DT_311Y001,DT_301Y013,False,,unverifiable,mapping_rejected_conflict,no_gold
row1927-c1,row1927,evaluation,numeric,MEDIUM,DT_311Y001,DT_311Y001,DT_301Y013,False,,unverifiable,mapping_rejected_conflict,no_gold
row1927-c2,row1927,evaluation,comparative,MEDIUM,DT_301Y013,DT_301Y013,DT_301Y013,True,,unverifiable,mapping_confirms_baseline,no_gold
row1943-c0,row1943,evaluation,comparative,MEDIUM,DT_1JH20201,DT_1JH20201,DT_1J22112,False,,unverifiable,mapping_rejected_conflict,no_gold
row1943-c1,row1943,evaluation,numeric,MEDIUM,DT_1K41017,DT_1K41017,DT_092_115_2009_S023,False,,unverifiable,mapping_rejected_conflict,no_gold
row1943-c2,row1943,evaluation,numeric,MEDIUM,DT_1F70011,DT_1F70011,DT_1J22112,False,,unverifiable,mapping_rejected_conflict,no_gold
row1943-c3,row1943,evaluation,numeric,MEDIUM,DT_1JH20202,DT_1JH20202,DT_1K41017,False,,unverifiable,mapping_rejected_conflict,no_gold
row1943-c4,row1943,evaluation,trend,MEDIUM,DT_1JH20201,DT_1JH20201,DT_1K41017,False,,unverifiable,mapping_rejected_conflict,no_gold
row1943-c5,row1943,evaluation,comparative,MEDIUM,DT_1JH20201,DT_1JH20201,DT_092_115_2009_S023,False,,unverifiable,mapping_rejected_conflict,no_gold
row1943-c6,row1943,evaluation,comparative,MEDIUM,DT_1K41017,DT_1K41017,DT_092_115_2009_S023,False,,unverifiable,mapping_rejected_conflict,no_gold
row1943-c7,row1943,evaluation,comparative,LOW,DT_1K41012,DT_1K41012,DT_1K41017,False,,unverifiable,mapping_rejected_conflict,no_gold
row1943-c8,row1943,evaluation,trend,LOW,DT_1F70011,DT_1F70011,DT_092_115_2009_S023,False,,unverifiable,mapping_rejected_conflict,no_gold
row1943-c9,row1943,evaluation,comparative,HIGH,DT_1C8015,DT_1C8015,DT_1JH20201,False,DT_1C8015,baseline_verified,mapping_skipped_baseline_protected,scored
row1943-c10,row1943,evaluation,numeric,LOW,DT_1C8015,DT_1C8015,DT_1JH20201,False,,unverifiable,mapping_rejected_conflict,no_gold
row1945-c0,row1945,evaluation,numeric,LOW,DT_1L9U103,DT_1L9U103,DT_1B8000G,False,,unverifiable,mapping_rejected_conflict,no_gold
row1945-c1,row1945,evaluation,numeric,LOW,DT_IMEMIB001,DT_IMEMIB001,DT_1J22112,False,,unverifiable,mapping_rejected_conflict,no_gold
row1945-c2,row1945,evaluation,comparative,LOW,DT_1L9U103,DT_1L9U103,DT_1L9U103,True,,unverifiable,mapping_confirms_baseline,no_gold
row1945-c3,row1945,evaluation,numeric,MEDIUM,DT_1L9U103,DT_1L9U103,DT_1J22112,False,,unverifiable,mapping_rejected_conflict,no_gold
row1945-c4,row1945,evaluation,comparative,MEDIUM,DT_1L9U103,DT_1L9U103,DT_1J22112,False,,unverifiable,mapping_rejected_conflict,no_gold
row1945-c5,row1945,evaluation,numeric,LOW,DT_1LB104,DT_1LB104,DT_1J22112,False,,unverifiable,mapping_rejected_conflict,no_gold
row1945-c6,row1945,evaluation,comparative,MEDIUM,DT_1L9U103,DT_1L9U103,DT_1B04005N,False,,unverifiable,mapping_rejected_conflict,no_gold
row1945-c7,row1945,evaluation,numeric,LOW,DT_IMEMIB001,DT_1L9U103,DT_1L9U103,True,DT_1L9U103,mapping_verified,mapping_rescued_claim_improvement,scored
row1945-c8,row1945,evaluation,comparative,MEDIUM,DT_1L9U103,DT_1L9U103,DT_1ED0001,False,,unverifiable,mapping_rejected_conflict,no_gold
row1945-c9,row1945,evaluation,comparative,LOW,DT_200Y102,DT_1J22112,DT_1J22112,True,DT_1J22112,mapping_verified,mapping_rescued_claim_improvement,scored
row1945-c10,row1945,evaluation,comparative,LOW,DT_200Y143,DT_1J22112,DT_1J22112,True,DT_1J22112,mapping_verified,mapping_rescued_claim_improvement,scored
row1951-c0,row1951,evaluation,trend,HIGH,DT_1K41017,DT_1K41017,DT_1K41017,True,DT_1K41017,baseline_verified,mapping_confirms_baseline,scored
row1951-c1,row1951,evaluation,trend,HIGH,DT_1JH20202,DT_1JH20202,DT_1J22112,False,DT_1JH20202,baseline_verified,mapping_skipped_baseline_protected,scored
row1951-c2,row1951,evaluation,trend,LOW,DT_14212N_A06,DT_1J22112,DT_1J22112,True,DT_1J22112,mapping_verified,mapping_rescued_claim_improvement,scored
row1951-c3,row1951,evaluation,comparative,LOW,DT_1C8015,DT_1C8015,DT_1JH20201,False,,unverifiable,mapping_rejected_conflict,no_gold
row1951-c4,row1951,evaluation,comparative,MEDIUM,DT_1C8015,DT_1C8015,DT_1JH20201,False,,unverifiable,mapping_rejected_conflict,no_gold
row1986-c0,row1986,evaluation,comparative,MEDIUM,DT_092_115_2009_S023,DT_092_115_2009_S023,DT_1R11006_FRM101,False,,unverifiable,mapping_rejected_conflict,no_gold
row1986-c1,row1986,evaluation,numeric,LOW,DT_115036_A090,DT_115036_A090,,False,,unverifiable,no_mapping_applicable,no_gold
row1986-c2,row1986,evaluation,numeric,MEDIUM,DT_1R11001_FRM101,DT_1R11001_FRM101,DT_1R11006_FRM101,False,,unverifiable,mapping_rejected_conflict,no_gold
row1986-c3,row1986,evaluation,comparative,MEDIUM,DT_1R11006_FRM101,DT_1R11006_FRM101,DT_1R11006_FRM101,True,,unverifiable,mapping_confirms_baseline,no_gold
row2081-c0,row2081,evaluation,qualitative,UNKNOWN,,,,,,,,skipped_not_verifiable
row2081-c1,row2081,evaluation,qualitative,UNKNOWN,,,,,,,,skipped_not_verifiable
row2081-c2,row2081,evaluation,comparative,LOW,DT_511Y002,DT_511Y002,DT_1R11006_FRM101,False,,unverifiable,mapping_rejected_conflict,no_gold
row2081-c3,row2081,evaluation,qualitative,UNKNOWN,,,,,,,,skipped_not_verifiable
row2081-c4,row2081,evaluation,qualitative,UNKNOWN,,,,,,,,skipped_not_verifiable
row2081-c5,row2081,evaluation,numeric,MEDIUM,DT_200Y001,DT_200Y001,,False,,unverifiable,no_mapping_applicable,no_gold
row2081-c6,row2081,evaluation,qualitative,UNKNOWN,,,,,,,,skipped_not_verifiable
row2081-c7,row2081,evaluation,comparative,LOW,DT_1J22112,DT_1J22112,,False,,unverifiable,no_mapping_applicable,no_gold
row2110-c0,row2110,evaluation,comparative,HIGH,DT_1DA7001S,DT_1DA7001S,DT_1DA7E06S_NEW,False,DT_1DA7001S,baseline_verified,mapping_skipped_baseline_protected,scored
row2110-c1,row2110,evaluation,comparative,HIGH,DT_1DA7001S,DT_1DA7001S,DT_1DA7001S,True,DT_1DA7001S,baseline_verified,mapping_confirms_baseline,scored
row2110-c2,row2110,evaluation,numeric,MEDIUM,DT_1GO950E,DT_1GO950E,DT_1DA7001S,False,,unverifiable,mapping_rejected_conflict,no_gold
row2110-c3,row2110,evaluation,comparative,HIGH,DT_1DA7001S,DT_1DA7001S,DT_1DA7E06S_NEW,False,DT_1DA7001S,baseline_verified,mapping_skipped_baseline_protected,scored
row2110-c4,row2110,evaluation,threshold,LOW,DT_1DA7001S,DT_1DA7001S,DT_1DA7001S,True,,unverifiable,mapping_confirms_baseline,no_gold
row2110-c5,row2110,evaluation,numeric,LOW,DT_1DA7001S,DT_1DA7001S,DT_1DA7001S,True,,unverifiable,mapping_confirms_baseline,no_gold
row2110-c6,row2110,evaluation,numeric,MEDIUM,DT_1DA7001S,DT_1DA7001S,DT_1DA7001S,True,,unverifiable,mapping_confirms_baseline,no_gold
row2110-c7,row2110,evaluation,numeric,LOW,DT_322001_B008,DT_322001_B008,DT_1DA7102S,False,,unverifiable,mapping_rejected_conflict,no_gold
row2110-c8,row2110,evaluation,qualitative,UNKNOWN,,,,,,,,skipped_not_verifiable
row2110-c9,row2110,evaluation,trend,MEDIUM,DT_1DA7E06S_NEW,DT_1DA7E06S_NEW,DT_1DA7E06S_NEW,True,,unverifiable,mapping_confirms_baseline,no_gold
row2124-c0,row2124,evaluation,comparative,MEDIUM,DT_121Y006,DT_121Y006,DT_121Y006,True,,unverifiable,mapping_confirms_baseline,no_gold
row2124-c1,row2124,evaluation,numeric,MEDIUM,DT_121Y006,DT_121Y006,DT_121Y006,True,,unverifiable,mapping_confirms_baseline,no_gold
row2124-c2,row2124,evaluation,comparative,MEDIUM,DT_104Y010,DT_104Y010,DT_121Y006,False,,unverifiable,mapping_rejected_conflict,no_gold
row2124-c3,row2124,evaluation,numeric,LOW,DT_121Y006,DT_121Y006,DT_121Y006,True,,unverifiable,mapping_confirms_baseline,no_gold
row2124-c4,row2124,evaluation,numeric,LOW,DT_121Y006,DT_121Y006,DT_121Y006,True,,unverifiable,mapping_confirms_baseline,no_gold
row2124-c5,row2124,evaluation,comparative,MEDIUM,DT_121Y006,DT_121Y006,DT_121Y006,True,,unverifiable,mapping_confirms_baseline,no_gold
row2124-c6,row2124,evaluation,comparative,MEDIUM,DT_121Y004,DT_121Y004,DT_121Y006,False,,unverifiable,mapping_rejected_conflict,no_gold
row2140-c0,row2140,evaluation,trend,MEDIUM,DT_08002_01_001A,DT_08002_01_001A,,False,,unverifiable,no_mapping_applicable,no_gold
row2140-c1,row2140,evaluation,numeric,MEDIUM,DT_KAB_11672_S15,DT_KAB_11672_S15,DT_30404_B012,False,,unverifiable,mapping_rejected_conflict,no_gold
row2140-c2,row2140,evaluation,comparative,MEDIUM,DT_KAB_11672_S1,DT_KAB_11672_S1,DT_30404_B012,False,,unverifiable,mapping_rejected_conflict,no_gold
row2157-c0,row2157,evaluation,comparative,MEDIUM,DT_30404_B012,DT_30404_B012,DT_30404_B012,True,,unverifiable,mapping_confirms_baseline,no_gold
row2162-c0,row2162,evaluation,comparative,MEDIUM,DT_511Y002,DT_511Y002,,False,,unverifiable,no_mapping_applicable,no_gold
row2162-c1,row2162,evaluation,threshold,MEDIUM,DT_511Y002,DT_511Y002,,False,,unverifiable,no_mapping_applicable,no_gold
row2162-c2,row2162,evaluation,comparative,MEDIUM,DT_511Y002,DT_511Y002,,False,,unverifiable,no_mapping_applicable,no_gold
row2183-c0,row2183,evaluation,comparative,HIGH,DT_1DA7102S,DT_1DA7102S,DT_1DA7001S,False,DT_1DA7102S,baseline_verified,mapping_skipped_baseline_protected,scored
row2183-c1,row2183,evaluation,comparative,MEDIUM,DT_1DA7102S,DT_1DA7102S,DT_1DA7001S,False,,unverifiable,mapping_rejected_conflict,no_gold
row2183-c2,row2183,evaluation,numeric,MEDIUM,DT_1DA7102S,DT_1DA7102S,DT_1DA7001S,False,,unverifiable,mapping_rejected_conflict,no_gold
row2183-c3,row2183,evaluation,numeric,LOW,DT_1DA7102S,DT_1DA7E06S_NEW,DT_1DA7E06S_NEW,True,DT_1DA7E06S_NEW,mapping_verified,mapping_rescued_claim_improvement,scored
row2183-c4,row2183,evaluation,numeric,LOW,DT_1DA7102S,DT_1DA7102S,DT_1DA7001S,False,,unverifiable,mapping_rejected_conflict,no_gold
row2183-c5,row2183,evaluation,numeric,MEDIUM,DT_1DA7102S,DT_1DA7102S,DT_1DA7001S,False,,unverifiable,mapping_rejected_conflict,no_gold
row2183-c6,row2183,evaluation,numeric,MEDIUM,DT_1DA7102S,DT_1DA7102S,DT_1DA7001S,False,,unverifiable,mapping_rejected_conflict,no_gold
row2183-c7,row2183,evaluation,numeric,LOW,DT_33403N_003,DT_33403N_003,,False,,unverifiable,no_mapping_applicable,no_gold
row2201-c0,row2201,evaluation,numeric,LOW,DT_1ES4I008S,DT_1ES4I008S,DT_1DA7001S,False,,unverifiable,mapping_rejected_conflict,no_gold
row2201-c1,row2201,evaluation,superlative,MEDIUM,DT_200Y001,DT_200Y001,DT_1B8000G,False,,unverifiable,mapping_rejected_conflict,no_gold
row2202-c0,row2202,evaluation,comparative,MEDIUM,DT_1J22003,DT_1J22003,DT_511Y002,False,,unverifiable,mapping_rejected_conflict,no_gold
row2202-c1,row2202,evaluation,numeric,MEDIUM,DT_1J22112,DT_1J22112,DT_200Y001,False,,unverifiable,mapping_rejected_conflict,no_gold
row2202-c2,row2202,evaluation,comparative,MEDIUM,DT_1J22003,DT_1J22003,DT_511Y002,False,,unverifiable,mapping_rejected_conflict,no_gold
row2202-c3,row2202,evaluation,comparative,MEDIUM,DT_1J22112,DT_1J22112,DT_200Y001,False,,unverifiable,mapping_rejected_conflict,no_gold
row2202-c4,row2202,evaluation,comparative,MEDIUM,DT_405Y006,DT_405Y006,DT_401Y015,False,,unverifiable,mapping_rejected_conflict,no_gold
row2235-c0,row2235,evaluation,numeric,HIGH,DT_343_2010_S0016,DT_343_2010_S0016,DT_301Y013,False,DT_343_2010_S0016,baseline_verified,mapping_skipped_baseline_protected,scored
row2235-c1,row2235,evaluation,numeric,LOW,DT_343_2010_S0016,DT_343_2010_S0016,DT_301Y013,False,,unverifiable,mapping_rejected_conflict,no_gold
row2235-c2,row2235,evaluation,comparative,MEDIUM,DT_343_2010_S0016,DT_343_2010_S0016,DT_301Y013,False,,unverifiable,mapping_rejected_conflict,no_gold
row2235-c3,row2235,evaluation,superlative,MEDIUM,DT_343_2010_S0027,DT_343_2010_S0027,DT_301Y013,False,,unverifiable,mapping_rejected_conflict,no_gold
row2235-c4,row2235,evaluation,numeric,MEDIUM,DT_343_2010_S0027,DT_343_2010_S0027,DT_301Y013,False,,unverifiable,mapping_rejected_conflict,no_gold
row2235-c5,row2235,evaluation,comparative,MEDIUM,DT_343_2010_S0027,DT_343_2010_S0027,DT_301Y013,False,,unverifiable,mapping_rejected_conflict,no_gold
row2235-c6,row2235,evaluation,numeric,HIGH,DT_343_2010_S0016,DT_343_2010_S0016,DT_301Y013,False,DT_343_2010_S0016,baseline_verified,mapping_skipped_baseline_protected,scored
row2235-c7,row2235,evaluation,numeric,HIGH,DT_343_2010_S0016,DT_343_2010_S0016,DT_343_2010_S0016,True,DT_343_2010_S0016,baseline_verified,mapping_confirms_baseline,scored
row2235-c8,row2235,evaluation,numeric,HIGH,DT_343_2010_S0016,DT_343_2010_S0016,DT_301Y013,False,DT_343_2010_S0016,baseline_verified,mapping_skipped_baseline_protected,scored
row2235-c9,row2235,evaluation,numeric,MEDIUM,DT_343_2010_S0046,DT_343_2010_S0046,DT_301Y013,False,,unverifiable,mapping_rejected_conflict,no_gold
row2235-c10,row2235,evaluation,comparative,MEDIUM,DT_343_2010_S0027,DT_343_2010_S0027,DT_301Y013,False,,unverifiable,mapping_rejected_conflict,no_gold
row2235-c11,row2235,evaluation,comparative,MEDIUM,DT_343_2010_S0027,DT_343_2010_S0027,DT_301Y013,False,,unverifiable,mapping_rejected_conflict,no_gold
row2235-c12,row2235,evaluation,numeric,MEDIUM,DT_343_2010_S0027,DT_343_2010_S0027,DT_301Y013,False,,unverifiable,mapping_rejected_conflict,no_gold
row2257-c0,row2257,evaluation,numeric,LOW,DT_13622_A692,DT_13622_A692,DT_1G18007,False,,unverifiable,mapping_rejected_conflict,no_gold
row2257-c1,row2257,evaluation,threshold,LOW,DT_303003_724,DT_303003_724,,False,,unverifiable,no_mapping_applicable,no_gold
row2257-c2,row2257,evaluation,numeric,LOW,DT_121Y006,DT_121Y006,,False,,unverifiable,no_mapping_applicable,no_gold
row2257-c3,row2257,evaluation,numeric,LOW,DT_151Y001,DT_151Y001,DT_1G18007,False,,unverifiable,mapping_rejected_conflict,no_gold
row2257-c4,row2257,evaluation,comparative,LOW,TX_13301_A011,TX_13301_A011,DT_1G18007,False,,unverifiable,mapping_rejected_conflict,no_gold
row2257-c5,row2257,evaluation,comparative,LOW,DT_1F70011,DT_200Y102,DT_200Y102,True,DT_200Y102,mapping_verified,mapping_rescued_claim_improvement,scored
row2265-c0,row2265,evaluation,numeric,MEDIUM,DT_134001_001,DT_134001_001,DT_1R11006_FRM101,False,,unverifiable,mapping_rejected_conflict,no_gold
row2265-c1,row2265,evaluation,numeric,MEDIUM,DT_1R11006_FRM101,DT_1R11006_FRM101,DT_1R11006_FRM101,True,,unverifiable,mapping_confirms_baseline,no_gold
row2265-c2,row2265,evaluation,qualitative,UNKNOWN,,,,,,,,skipped_not_verifiable
row2265-c3,row2265,evaluation,numeric,MEDIUM,DT_1R11006_FRM101,DT_1R11006_FRM101,DT_1R11006_FRM101,True,,unverifiable,mapping_confirms_baseline,no_gold
row2265-c4,row2265,evaluation,comparative,HIGH,DT_1R11006_FRM101,DT_1R11006_FRM101,DT_1R11006_FRM101,True,DT_1R11006_FRM101,baseline_verified,mapping_confirms_baseline,scored
row2282-c0,row2282,evaluation,numeric,LOW,DT_113_STBL_1015244,DT_113_STBL_1015244,,False,,unverifiable,no_mapping_applicable,no_gold
row2284-c0,row2284,evaluation,numeric,MEDIUM,DT_1DA7102S,DT_1DA7102S,,False,,unverifiable,no_mapping_applicable,no_gold
row2284-c1,row2284,evaluation,numeric,LOW,DT_127016_D004,DT_127016_D004,,False,,unverifiable,no_mapping_applicable,no_gold
row2284-c2,row2284,evaluation,numeric,LOW,DT_120008_2022C018,DT_120008_2022C018,,False,,unverifiable,no_mapping_applicable,no_gold
row2284-c3,row2284,evaluation,numeric,LOW,DT_385001_2022A011,DT_385001_2022A011,,False,,unverifiable,no_mapping_applicable,no_gold
row2284-c4,row2284,evaluation,numeric,MEDIUM,DT_113_STBL_1030763,DT_113_STBL_1030763,,False,,unverifiable,no_mapping_applicable,no_gold
row2284-c5,row2284,evaluation,numeric,LOW,DT_127005_B017_3,DT_127005_B017_3,,False,,unverifiable,no_mapping_applicable,no_gold
row2290-c0,row2290,evaluation,numeric,LOW,DT_200Y102,DT_200Y102,DT_1J22112,False,,unverifiable,mapping_rejected_conflict,no_gold
row2290-c1,row2290,evaluation,numeric,MEDIUM,DT_2020Y22GRDP1,DT_2020Y22GRDP1,DT_1DA7E06S_NEW,False,,unverifiable,mapping_rejected_conflict,no_gold
row2290-c2,row2290,evaluation,numeric,LOW,DT_201004_O150001,DT_201004_O150001,DT_1DA7001S,False,,unverifiable,mapping_rejected_conflict,no_gold
row2290-c3,row2290,evaluation,comparative,LOW,DT_201004_O150003,DT_201004_O150003,DT_092_115_2009_S023,False,,unverifiable,mapping_rejected_conflict,no_gold
row2290-c4,row2290,evaluation,numeric,LOW,DT_115012_A0051,DT_115012_A0051,DT_092_115_2009_S023,False,,unverifiable,mapping_rejected_conflict,no_gold
row2290-c5,row2290,evaluation,comparative,MEDIUM,DT_1JH20201,DT_1JH20201,DT_1K41017,False,,unverifiable,mapping_rejected_conflict,no_gold
row2290-c6,row2290,evaluation,comparative,LOW,DT_200Y102,DT_200Y102,DT_1G18007,False,,unverifiable,mapping_rejected_conflict,no_gold
row2292-c0,row2292,evaluation,trend,HIGH,DT_1B8000G,DT_1B8000G,DT_1B8000G,True,DT_1B8000G,baseline_verified,mapping_confirms_baseline,scored
row2292-c1,row2292,evaluation,trend,MEDIUM,DT_1B8000G,DT_1B8000G,DT_1B8000G,True,,unverifiable,mapping_confirms_baseline,no_gold
row2292-c2,row2292,evaluation,comparative,LOW,DT_1B8000G,DT_1B8000G,DT_1DA7001S,False,,unverifiable,mapping_rejected_conflict,no_gold
row2292-c3,row2292,evaluation,comparative,LOW,TX_13301_A011,TX_13301_A011,DT_1J22112,False,,unverifiable,mapping_rejected_conflict,no_gold
row2292-c4,row2292,evaluation,trend,HIGH,DT_1B8000G,DT_1B8000G,DT_1B8000G,True,DT_1B8000G,baseline_verified,mapping_confirms_baseline,scored
row2292-c5,row2292,evaluation,comparative,LOW,DT_1B8000G,DT_1B8000G,DT_1B8000G,True,,unverifiable,mapping_confirms_baseline,no_gold
row2292-c6,row2292,evaluation,comparative,LOW,DT_1B8000G,DT_1B8000G,DT_1B8000G,True,,unverifiable,mapping_confirms_baseline,no_gold
row2292-c7,row2292,evaluation,numeric,LOW,DT_20611N034,DT_1B8000G,DT_1B8000G,True,DT_1B8000G,mapping_verified,mapping_rescued_claim_improvement,scored
row2330-c0,row2330,evaluation,comparative,MEDIUM,DT_343_2010_S0027,DT_343_2010_S0027,DT_301Y013,False,,unverifiable,mapping_rejected_conflict,no_gold
row2330-c1,row2330,evaluation,numeric,MEDIUM,DT_343_2010_S0027,DT_343_2010_S0027,DT_301Y013,False,,unverifiable,mapping_rejected_conflict,no_gold
row2330-c2,row2330,evaluation,comparative,MEDIUM,DT_343_2010_S0039,DT_343_2010_S0039,DT_200Y001,False,,unverifiable,mapping_rejected_conflict,no_gold
row2330-c3,row2330,evaluation,threshold,HIGH,DT_343_2010_S0027,DT_343_2010_S0027,DT_301Y013,False,DT_343_2010_S0027,baseline_verified,mapping_skipped_baseline_protected,scored
row2348-c0,row2348,evaluation,comparative,MEDIUM,DT_200Y001,DT_200Y001,,False,,unverifiable,no_mapping_applicable,no_gold
row2356-c0,row2356,evaluation,numeric,MEDIUM,DT_1JH20201,DT_1JH20201,DT_1J22112,False,,unverifiable,mapping_rejected_conflict,no_gold
row2356-c1,row2356,evaluation,numeric,MEDIUM,DT_1JH20201,DT_1JH20201,DT_1J22112,False,,unverifiable,mapping_rejected_conflict,no_gold
row2356-c2,row2356,evaluation,trend,LOW,DT_1G18007,DT_1G18007,DT_1G18007,True,,unverifiable,mapping_confirms_baseline,no_gold
row2356-c3,row2356,evaluation,trend,HIGH,DT_1JH20202,DT_1JH20202,DT_1DA7E06S_NEW,False,DT_1JH20202,baseline_verified,mapping_skipped_baseline_protected,scored
row2356-c4,row2356,evaluation,trend,MEDIUM,DT_1F70011,DT_1F70011,DT_1J22112,False,,unverifiable,mapping_rejected_conflict,no_gold
row2356-c5,row2356,evaluation,trend,MEDIUM,DT_1G18007,DT_1G18007,DT_092_115_2009_S023,False,,unverifiable,mapping_rejected_conflict,no_gold
row2356-c6,row2356,evaluation,trend,LOW,DT_IMEMIB001,DT_IMEMIB001,DT_1J22112,False,,unverifiable,mapping_rejected_conflict,no_gold
row2357-c0,row2357,evaluation,numeric,MEDIUM,DT_1L9U103,DT_1L9U103,,False,,unverifiable,no_mapping_applicable,no_gold
row2365-c0,row2365,evaluation,comparative,MEDIUM,DT_1R11006_FRM101,DT_1R11006_FRM101,DT_1R11006_FRM101,True,,unverifiable,mapping_confirms_baseline,no_gold
row2365-c1,row2365,evaluation,numeric,MEDIUM,DT_1R11001_FRM101,DT_1R11001_FRM101,DT_1R11006_FRM101,False,,unverifiable,mapping_rejected_conflict,no_gold
row2365-c2,row2365,evaluation,comparative,MEDIUM,DT_134001_001,DT_134001_001,DT_1R11006_FRM101,False,,unverifiable,mapping_rejected_conflict,no_gold
row2365-c3,row2365,evaluation,numeric,MEDIUM,DT_1R11001_FRM101,DT_1R11001_FRM101,DT_1R11006_FRM101,False,,unverifiable,mapping_rejected_conflict,no_gold
row2374-c0,row2374,evaluation,numeric,HIGH,DT_1J22003,DT_1J22003,DT_1J22003,True,DT_1J22003,baseline_verified,mapping_confirms_baseline,scored
row2374-c1,row2374,evaluation,numeric,HIGH,DT_1J22112,DT_1J22112,DT_1J22003,False,DT_1J22112,baseline_verified,mapping_skipped_baseline_protected,scored
row2374-c2,row2374,evaluation,numeric,LOW,DT_2WEO012,DT_1J22112,DT_1J22112,True,DT_1J22112,mapping_verified,mapping_rescued_claim_improvement,scored
row2374-c3,row2374,evaluation,numeric,MEDIUM,DT_1J22112,DT_1J22112,DT_1J22003,False,,unverifiable,mapping_rejected_conflict,no_gold
row2374-c4,row2374,evaluation,numeric,LOW,DT_2WEO012,DT_2WEO012,DT_1J22112,False,,unverifiable,mapping_rejected_conflict,no_gold
row2374-c5,row2374,evaluation,comparative,HIGH,DT_1J22003,DT_1J22003,DT_1J22003,True,DT_1J22003,baseline_verified,mapping_confirms_baseline,scored
row2374-c6,row2374,evaluation,comparative,HIGH,DT_1J22003,DT_1J22003,DT_1K41017,False,DT_1J22003,baseline_verified,mapping_skipped_baseline_protected,scored
row2374-c7,row2374,evaluation,comparative,LOW,DT_1J22003,DT_1J22003,DT_1J22003,True,,unverifiable,mapping_confirms_baseline,no_gold
row2374-c8,row2374,evaluation,comparative,MEDIUM,DT_1J22112,DT_1J22112,DT_1J22003,False,,unverifiable,mapping_rejected_conflict,no_gold
row2374-c9,row2374,evaluation,comparative,MEDIUM,DT_1J22112,DT_1J22112,DT_1J22003,False,,unverifiable,mapping_rejected_conflict,no_gold
row2374-c10,row2374,evaluation,comparative,LOW,DT_1J22112,DT_1J22112,DT_1J22003,False,,unverifiable,mapping_rejected_conflict,no_gold
row2374-c11,row2374,evaluation,comparative,MEDIUM,DT_114057_B09,DT_114057_B09,DT_1J22003,False,,unverifiable,mapping_rejected_conflict,no_gold
row2374-c12,row2374,evaluation,comparative,LOW,DT_1J22112,DT_1J22112,DT_1J22112,True,,unverifiable,mapping_confirms_baseline,no_gold
row2374-c13,row2374,evaluation,comparative,LOW,DT_1J22112,DT_1J22112,DT_1J22003,False,,unverifiable,mapping_rejected_conflict,no_gold
row2374-c14,row2374,evaluation,comparative,LOW,DT_H35001C,DT_H35001C,DT_1J22112,False,,unverifiable,mapping_rejected_conflict,no_gold
row2374-c15,row2374,evaluation,comparative,HIGH,DT_1J22112,DT_1J22112,DT_1J22003,False,DT_1J22112,baseline_verified,mapping_skipped_baseline_protected,scored
row2374-c16,row2374,evaluation,comparative,LOW,DT_204A806,DT_204A806,DT_1J22003,False,,unverifiable,mapping_rejected_conflict,no_gold
row2374-c17,row2374,evaluation,comparative,LOW,DT_1J22005,DT_1J22005,DT_1K41017,False,,unverifiable,mapping_rejected_conflict,no_gold
row2374-c18,row2374,evaluation,comparative,LOW,DT_1J22041,DT_1J22003,DT_1J22003,True,DT_1J22003,mapping_verified,mapping_rescued_claim_improvement,scored
row2384-c0,row2384,evaluation,numeric,HIGH,DT_1J22003,DT_1J22003,DT_1J22003,True,DT_1J22003,baseline_verified,mapping_confirms_baseline,scored
row2384-c1,row2384,evaluation,trend,LOW,DT_808,DT_808,DT_1J22112,False,,unverifiable,mapping_rejected_conflict,no_gold
row2384-c2,row2384,evaluation,comparative,LOW,DT_H35001,DT_1J22112,DT_1J22112,True,DT_1J22112,mapping_verified,mapping_rescued_claim_improvement,scored
row2384-c3,row2384,evaluation,comparative,LOW,DT_1J22003,DT_1J22003,DT_1J22003,True,,unverifiable,mapping_confirms_baseline,no_gold
row2384-c4,row2384,evaluation,comparative,HIGH,DT_1J22003,DT_1J22003,DT_1J22003,True,DT_1J22003,baseline_verified,mapping_confirms_baseline,scored
row2384-c5,row2384,evaluation,comparative,LOW,DT_1J22003,DT_1J22003,DT_1J22003,True,,unverifiable,mapping_confirms_baseline,no_gold
row2384-c6,row2384,evaluation,comparative,HIGH,DT_1J22112,DT_1J22112,DT_1J22003,False,DT_1J22112,baseline_verified,mapping_skipped_baseline_protected,scored
row2384-c7,row2384,evaluation,comparative,LOW,DT_114053_091,DT_114053_091,DT_1J22003,False,,unverifiable,mapping_rejected_conflict,no_gold
row2384-c8,row2384,evaluation,comparative,MEDIUM,DT_1YL20581,DT_1YL20581,DT_1K41017,False,,unverifiable,mapping_rejected_conflict,no_gold
row2384-c9,row2384,evaluation,comparative,HIGH,DT_1J22112,DT_1J22112,DT_1K41017,False,DT_1J22112,baseline_verified,mapping_skipped_baseline_protected,scored
row2384-c10,row2384,evaluation,comparative,LOW,DT_1J22112,DT_1J22112,DT_1J22112,True,,unverifiable,mapping_confirms_baseline,no_gold
row2384-c11,row2384,evaluation,comparative,LOW,DT_1J22112,DT_1J22112,DT_1J22112,True,,unverifiable,mapping_confirms_baseline,no_gold
row2384-c12,row2384,evaluation,comparative,LOW,DT_1J22112,DT_1J22112,DT_1K41017,False,,unverifiable,mapping_rejected_conflict,no_gold
row2389-c0,row2389,evaluation,superlative,LOW,DT_121Y006,DT_121Y006,DT_121Y006,True,,unverifiable,mapping_confirms_baseline,no_gold
row2395-c0,row2395,evaluation,numeric,MEDIUM,DT_301Y013,DT_301Y013,DT_301Y013,True,,unverifiable,mapping_confirms_baseline,no_gold
row2395-c1,row2395,evaluation,qualitative,UNKNOWN,,,,,,,,skipped_not_verifiable
row2398-c0,row2398,evaluation,comparative,HIGH,DT_200Y102,DT_200Y102,DT_301Y013,False,DT_200Y102,baseline_verified,mapping_skipped_baseline_protected,scored
row2398-c1,row2398,evaluation,comparative,MEDIUM,DT_200Y001,DT_301Y013,DT_301Y013,True,DT_301Y013,mapping_verified,mapping_rescued_claim_improvement,scored
row2461-c0,row2461,evaluation,numeric,LOW,DT_121Y008,DT_121Y008,,False,,unverifiable,no_mapping_applicable,no_gold
row2461-c1,row2461,evaluation,threshold,MEDIUM,DT_200Y001,DT_200Y001,DT_200Y102,False,,unverifiable,mapping_rejected_conflict,no_gold
row2461-c2,row2461,evaluation,threshold,HIGH,DT_200Y102,DT_200Y102,DT_200Y102,True,DT_200Y102,baseline_verified,mapping_confirms_baseline,scored
row2461-c3,row2461,evaluation,numeric,MEDIUM,DT_200Y102,DT_200Y102,DT_200Y102,True,,unverifiable,mapping_confirms_baseline,no_gold
row2487-c0,row2487,evaluation,threshold,MEDIUM,DT_151Y001,DT_151Y001,DT_121Y006,False,,unverifiable,mapping_rejected_conflict,no_gold
row2493-c0,row2493,evaluation,numeric,MEDIUM,DT_1R11006_FRM101,DT_1R11006_FRM101,DT_1R11006_FRM101,True,,unverifiable,mapping_confirms_baseline,no_gold
row2493-c1,row2493,evaluation,numeric,MEDIUM,DT_1R11006_FRM101,DT_1R11006_FRM101,DT_1R11006_FRM101,True,,unverifiable,mapping_confirms_baseline,no_gold
row2493-c2,row2493,evaluation,numeric,MEDIUM,DT_1R11006_FRM101,DT_1R11006_FRM101,DT_1R11006_FRM101,True,,unverifiable,mapping_confirms_baseline,no_gold
row2546-c0,row2546,evaluation,numeric,MEDIUM,DT_133001N_1318,DT_133001N_1318,TX_13301_A011,False,,unverifiable,mapping_rejected_conflict,no_gold
row2546-c1,row2546,evaluation,numeric,MEDIUM,TX_13301_A011,TX_13301_A011,TX_13301_A011,True,,unverifiable,mapping_confirms_baseline,no_gold
row2546-c2,row2546,evaluation,numeric,MEDIUM,TX_13301_A235,TX_13301_A235,TX_13301_A011,False,,unverifiable,mapping_rejected_conflict,no_gold
row2579-c0,row2579,evaluation,numeric,MEDIUM,DT_200Y001,DT_200Y001,DT_511Y002,False,,unverifiable,mapping_rejected_conflict,no_gold
row2608-c0,row2608,evaluation,comparative,LOW,DT_1J22112,DT_1J22112,,False,,unverifiable,no_mapping_applicable,no_gold
row2608-c1,row2608,evaluation,comparative,LOW,DT_1J22112,DT_1J22112,,False,,unverifiable,no_mapping_applicable,no_gold
row2608-c2,row2608,evaluation,numeric,LOW,DT_1J22112,DT_1J22112,,False,,unverifiable,no_mapping_applicable,no_gold
row2608-c3,row2608,evaluation,comparative,LOW,DT_1J22003,DT_1J22003,DT_1J22003,True,,unverifiable,mapping_confirms_baseline,no_gold
row2608-c4,row2608,evaluation,comparative,LOW,DT_1ED0001,DT_1ED0001,,False,,unverifiable,no_mapping_applicable,no_gold
row2611-c0,row2611,evaluation,comparative,LOW,DT_511Y002,DT_511Y002,DT_1J22112,False,,unverifiable,mapping_rejected_conflict,no_gold
row2615-c0,row2615,evaluation,numeric,HIGH,DT_1J22003,DT_1J22003,DT_1J22003,True,DT_1J22003,baseline_verified,mapping_confirms_baseline,scored
row2616-c0,row2616,evaluation,comparative,MEDIUM,DT_1B04005N,DT_1B04005N,DT_1J22112,False,,unverifiable,mapping_rejected_conflict,no_gold
row2616-c1,row2616,evaluation,threshold,LOW,DT_538002_2020F007,DT_538002_2020F007,DT_1B8000G,False,,unverifiable,mapping_rejected_conflict,no_gold
row2616-c2,row2616,evaluation,comparative,LOW,DT_207006_038,DT_207006_038,,False,,unverifiable,no_mapping_applicable,no_gold
row2616-c3,row2616,evaluation,threshold,MEDIUM,DT_1B04005N,DT_1B04005N,DT_1B8000G,False,,unverifiable,mapping_rejected_conflict,no_gold
row2616-c4,row2616,evaluation,threshold,MEDIUM,DT_1B04005N,DT_1B04005N,DT_1B8000G,False,,unverifiable,mapping_rejected_conflict,no_gold
row2626-c0,row2626,evaluation,comparative,LOW,DT_127018_A014,DT_127018_A014,,False,,unverifiable,no_mapping_applicable,no_gold
row2626-c1,row2626,evaluation,numeric,LOW,TX_13802_A221,TX_13802_A221,,False,,unverifiable,no_mapping_applicable,no_gold
row2626-c2,row2626,evaluation,threshold,MEDIUM,DT_511Y002,DT_511Y002,,False,,unverifiable,no_mapping_applicable,no_gold
row2626-c3,row2626,evaluation,numeric,LOW,DT_114054_077,DT_114054_077,,False,,unverifiable,no_mapping_applicable,no_gold
row2626-c4,row2626,evaluation,numeric,LOW,DT_152009_A129,DT_152009_A129,,False,,unverifiable,no_mapping_applicable,no_gold
row2626-c5,row2626,evaluation,comparative,LOW,DT_1KE10071,DT_1KE10071,DT_1J22112,False,,unverifiable,mapping_rejected_conflict,no_gold
row2626-c6,row2626,evaluation,threshold,LOW,DT_114054_077,DT_114054_077,,False,,unverifiable,no_mapping_applicable,no_gold
row2637-c0,row2637,evaluation,comparative,MEDIUM,DT_1DA7001S,DT_1DA7001S,DT_1DA7001S,True,,unverifiable,mapping_confirms_baseline,no_gold
row2637-c1,row2637,evaluation,threshold,LOW,DT_1DA7001S,DT_1DA7001S,DT_1DA7001S,True,,unverifiable,mapping_confirms_baseline,no_gold
row2637-c2,row2637,evaluation,numeric,MEDIUM,DT_151Y001,DT_151Y001,,False,,unverifiable,no_mapping_applicable,no_gold
row2637-c3,row2637,evaluation,comparative,LOW,DT_117098N_817,DT_117098N_817,,False,,unverifiable,no_mapping_applicable,no_gold
row2649-c0,row2649,evaluation,numeric,LOW,DT_170002_D002,DT_170002_D002,DT_1DA7001S,False,,unverifiable,mapping_rejected_conflict,no_gold
row2649-c1,row2649,evaluation,comparative,MEDIUM,DT_1DA7001S,DT_1DA7001S,DT_1DA7001S,True,,unverifiable,mapping_confirms_baseline,no_gold
row2649-c2,row2649,evaluation,trend,MEDIUM,DT_1DA7001S,DT_1DA7001S,DT_1DA7001S,True,,unverifiable,mapping_confirms_baseline,no_gold
row2653-c0,row2653,evaluation,numeric,LOW,TX_342_2009_H2277,TX_342_2009_H2277,,False,,unverifiable,no_mapping_applicable,no_gold
row2653-c1,row2653,evaluation,numeric,LOW,TX_13301_A011,TX_13301_A011,,False,,unverifiable,no_mapping_applicable,no_gold
row2653-c2,row2653,evaluation,numeric,LOW,TX_13301_A011,TX_13301_A011,,False,,unverifiable,no_mapping_applicable,no_gold
row2654-c0,row2654,evaluation,numeric,LOW,TX_342_2009_H2277,TX_342_2009_H2277,,False,,unverifiable,no_mapping_applicable,no_gold
row2654-c1,row2654,evaluation,numeric,LOW,TX_13301_A011,TX_13301_A011,,False,,unverifiable,no_mapping_applicable,no_gold
row2654-c2,row2654,evaluation,numeric,LOW,DT_1011318,DT_1011318,,False,,unverifiable,no_mapping_applicable,no_gold
row2654-c3,row2654,evaluation,numeric,LOW,TX_13601_A020,TX_13601_A020,,False,,unverifiable,no_mapping_applicable,no_gold
row2654-c4,row2654,evaluation,numeric,LOW,DT_11029N_048,DT_11029N_048,,False,,unverifiable,no_mapping_applicable,no_gold
row2659-c0,row2659,evaluation,numeric,LOW,DT_IMEMIB001,DT_IMEMIB001,,False,,unverifiable,no_mapping_applicable,no_gold
row2659-c1,row2659,evaluation,comparative,LOW,DT_IMEMIB001,DT_1J22112,DT_1J22112,True,DT_1J22112,mapping_verified,mapping_rescued_claim_improvement,scored
row2664-c0,row2664,evaluation,numeric,LOW,DT_BUNIC017,DT_BUNIC017,DT_1B8000G,False,,unverifiable,mapping_rejected_conflict,no_gold
row2664-c1,row2664,evaluation,numeric,HIGH,DT_1B8000G,DT_1B8000G,DT_1DA7001S,False,DT_1B8000G,baseline_verified,mapping_skipped_baseline_protected,scored
row2664-c2,row2664,evaluation,superlative,MEDIUM,DT_1B8000G,DT_1B8000G,DT_1J22112,False,,unverifiable,mapping_rejected_conflict,no_gold
row2664-c3,row2664,evaluation,comparative,LOW,DT_1B8000G,DT_1B8000G,DT_1B8000G,True,,unverifiable,mapping_confirms_baseline,no_gold
row2664-c4,row2664,evaluation,numeric,HIGH,DT_1B8000G,DT_1B8000G,DT_1J22112,False,DT_1B8000G,baseline_verified,mapping_skipped_baseline_protected,scored
row2664-c5,row2664,evaluation,comparative,MEDIUM,DT_1B8000G,DT_1B8000G,DT_1B8000G,True,,unverifiable,mapping_confirms_baseline,no_gold
row2664-c6,row2664,evaluation,comparative,LOW,DT_1B8000G,DT_1B8000G,DT_1DA7001S,False,,unverifiable,mapping_rejected_conflict,no_gold
row2664-c7,row2664,evaluation,comparative,HIGH,DT_1B26001_A01,DT_1B26001_A01,DT_1B8000G,False,DT_1B26001_A01,baseline_verified,mapping_skipped_baseline_protected,scored
row2664-c8,row2664,evaluation,numeric,MEDIUM,DT_1B26001_A01,DT_1B26001_A01,DT_1B8000G,False,,unverifiable,mapping_rejected_conflict,no_gold
row2671-c0,row2671,evaluation,numeric,MEDIUM,DT_101Y010,DT_301Y013,DT_301Y013,True,DT_301Y013,mapping_verified,mapping_rescued_claim_improvement,scored
row2671-c1,row2671,evaluation,numeric,MEDIUM,DT_101Y010,DT_200Y102,DT_200Y102,True,DT_200Y102,mapping_verified,mapping_rescued_claim_improvement,scored
row2671-c2,row2671,evaluation,numeric,MEDIUM,DT_200Y001,DT_200Y001,DT_200Y001,True,,unverifiable,mapping_confirms_baseline,no_gold
row2671-c3,row2671,evaluation,numeric,HIGH,DT_200Y102,DT_200Y102,DT_200Y102,True,DT_200Y102,baseline_verified,mapping_confirms_baseline,scored
row2671-c4,row2671,evaluation,comparative,LOW,DT_1F70011,DT_1F70011,DT_301Y013,False,,unverifiable,mapping_rejected_conflict,no_gold
row2671-c5,row2671,evaluation,comparative,LOW,DT_512Y013,DT_512Y013,DT_512Y013,True,,unverifiable,mapping_confirms_baseline,no_gold
row2671-c6,row2671,evaluation,comparative,MEDIUM,DT_1G18007,DT_1G18007,DT_512Y013,False,,unverifiable,mapping_rejected_conflict,no_gold
row2671-c7,row2671,evaluation,comparative,HIGH,DT_200Y102,DT_200Y102,DT_511Y002,False,DT_200Y102,baseline_verified,mapping_skipped_baseline_protected,scored
row2671-c8,row2671,evaluation,comparative,HIGH,DT_1K41017,DT_1K41017,DT_1K41017,True,DT_1K41017,baseline_verified,mapping_confirms_baseline,scored
row2671-c9,row2671,evaluation,threshold,HIGH,DT_200Y102,DT_200Y102,DT_200Y102,True,DT_200Y102,baseline_verified,mapping_confirms_baseline,scored
row2671-c10,row2671,evaluation,qualitative,UNKNOWN,,,,,,,,skipped_not_verifiable
row2671-c11,row2671,evaluation,qualitative,UNKNOWN,,,,,,,,skipped_not_verifiable
row2673-c0,row2673,evaluation,qualitative,UNKNOWN,,,,,,,,skipped_not_verifiable
row2673-c1,row2673,evaluation,numeric,LOW,DT_IMEMIB001,DT_IMEMIB001,DT_1DA7001S,False,,unverifiable,mapping_rejected_conflict,no_gold
row2673-c2,row2673,evaluation,numeric,MEDIUM,DT_200Y001,DT_200Y001,DT_1DA7001S,False,,unverifiable,mapping_rejected_conflict,no_gold
row2673-c3,row2673,evaluation,numeric,LOW,DT_1DA7001S,DT_1DA7001S,DT_1DA7001S,True,,unverifiable,mapping_confirms_baseline,no_gold
row2673-c4,row2673,evaluation,numeric,LOW,DT_IMEMIB001,DT_IMEMIB001,DT_1DA7001S,False,,unverifiable,mapping_rejected_conflict,no_gold
row2673-c5,row2673,evaluation,numeric,LOW,DT_472001_A031,DT_472001_A031,,False,,unverifiable,no_mapping_applicable,no_gold
row2673-c6,row2673,evaluation,numeric,MEDIUM,DT_1DA7001S,DT_1DA7001S,DT_1DA7001S,True,,unverifiable,mapping_confirms_baseline,no_gold
row2673-c7,row2673,evaluation,numeric,MEDIUM,DT_1DA7001S,DT_1DA7001S,DT_1DA7001S,True,,unverifiable,mapping_confirms_baseline,no_gold
row2673-c8,row2673,evaluation,numeric,LOW,DT_1L9U103,DT_1L9U103,DT_1DA7001S,False,,unverifiable,mapping_rejected_conflict,no_gold
row2673-c9,row2673,evaluation,numeric,LOW,DT_118N_LCE0001,DT_118N_LCE0001,DT_118N_LCE0001,True,,unverifiable,mapping_confirms_baseline,no_gold
row2675-c0,row2675,evaluation,numeric,LOW,DT_1DA7102S,DT_1DA7102S,DT_1DA7001S,False,,unverifiable,mapping_rejected_conflict,no_gold
row2675-c1,row2675,evaluation,comparative,MEDIUM,DT_1DA7102S,DT_1DA7102S,DT_1DA7001S,False,,unverifiable,mapping_rejected_conflict,no_gold
row2680-c0,row2680,evaluation,numeric,HIGH,DT_1J22003,DT_1J22003,DT_1J22003,True,DT_1J22003,baseline_verified,mapping_confirms_baseline,scored
row2680-c1,row2680,evaluation,numeric,HIGH,DT_1J22003,DT_1J22003,DT_1J22003,True,DT_1J22003,baseline_verified,mapping_confirms_baseline,scored
row2680-c2,row2680,evaluation,numeric,MEDIUM,DT_1J22112,DT_1J22112,DT_1J22112,True,,unverifiable,mapping_confirms_baseline,no_gold
row2680-c3,row2680,evaluation,numeric,HIGH,DT_1J22112,DT_1J22112,DT_1J22003,False,DT_1J22112,baseline_verified,mapping_skipped_baseline_protected,scored
row2680-c4,row2680,evaluation,numeric,HIGH,DT_1J22003,DT_1J22003,DT_1J22003,True,DT_1J22003,baseline_verified,mapping_confirms_baseline,scored
row2680-c5,row2680,evaluation,comparative,HIGH,DT_1J22003,DT_1J22003,DT_1J22003,True,DT_1J22003,baseline_verified,mapping_confirms_baseline,scored
row2680-c6,row2680,evaluation,comparative,LOW,DT_1J22112,DT_1J22112,DT_1J22112,True,,unverifiable,mapping_confirms_baseline,no_gold
row2680-c7,row2680,evaluation,comparative,HIGH,DT_1J22003,DT_1J22003,DT_1J22003,True,DT_1J22003,baseline_verified,mapping_confirms_baseline,scored
row2680-c8,row2680,evaluation,numeric,MEDIUM,DT_1J22112,DT_1J22112,DT_1J22112,True,,unverifiable,mapping_confirms_baseline,no_gold
row2680-c9,row2680,evaluation,comparative,MEDIUM,DT_1J22112,DT_1J22112,DT_1J22112,True,,unverifiable,mapping_confirms_baseline,no_gold
row2680-c10,row2680,evaluation,comparative,MEDIUM,DT_200Y001,DT_200Y001,DT_1J22112,False,,unverifiable,mapping_rejected_conflict,no_gold
row2680-c11,row2680,evaluation,numeric,MEDIUM,DT_1J22112,DT_1J22112,DT_1J22003,False,,unverifiable,mapping_rejected_conflict,no_gold
row2680-c12,row2680,evaluation,comparative,MEDIUM,DT_1J22112,DT_1J22112,DT_1J22003,False,,unverifiable,mapping_rejected_conflict,no_gold
row2680-c13,row2680,evaluation,comparative,LOW,DT_1J22112,DT_1J22112,DT_1J22112,True,,unverifiable,mapping_confirms_baseline,no_gold
row2680-c14,row2680,evaluation,comparative,MEDIUM,DT_1J22112,DT_1J22112,DT_1J22112,True,,unverifiable,mapping_confirms_baseline,no_gold
row2680-c15,row2680,evaluation,comparative,HIGH,DT_1J22003,DT_1J22003,DT_1J22003,True,DT_1J22003,baseline_verified,mapping_confirms_baseline,scored
row2680-c16,row2680,evaluation,comparative,LOW,DT_1J22005,DT_1J22005,DT_1J22003,False,,unverifiable,mapping_rejected_conflict,no_gold
row2685-c0,row2685,evaluation,numeric,HIGH,DT_1B34E01,DT_1B34E01,DT_1J22112,False,DT_1B34E01,baseline_verified,mapping_skipped_baseline_protected,scored
row2685-c1,row2685,evaluation,comparative,LOW,DT_IZWHO_128,DT_IZWHO_128,DT_1J22112,False,,unverifiable,mapping_rejected_conflict,no_gold
row2685-c2,row2685,evaluation,numeric,LOW,DT_1B34E01,DT_1B34E01,DT_1J22112,False,,unverifiable,mapping_rejected_conflict,no_gold
row2701-c0,row2701,evaluation,comparative,LOW,DT_1K41017,DT_1K41017,DT_1J22112,False,,unverifiable,mapping_rejected_conflict,no_gold
row2701-c1,row2701,evaluation,comparative,LOW,DT_1K41012,DT_1K41012,DT_1J22112,False,,unverifiable,mapping_rejected_conflict,no_gold
row2701-c2,row2701,evaluation,comparative,LOW,DT_1JH20202,DT_1JH20202,,False,,unverifiable,no_mapping_applicable,no_gold
row2701-c3,row2701,evaluation,comparative,LOW,DT_1JH20202,DT_1JH20202,DT_1J22112,False,,unverifiable,mapping_rejected_conflict,no_gold
row2701-c4,row2701,evaluation,numeric,MEDIUM,DT_1L9U103,DT_1L9U103,DT_1J22003,False,,unverifiable,mapping_rejected_conflict,no_gold
row2701-c5,row2701,evaluation,comparative,HIGH,DT_1K41017,DT_1K41017,DT_1J22112,False,DT_1K41017,baseline_verified,mapping_skipped_baseline_protected,scored
row2701-c6,row2701,evaluation,comparative,HIGH,DT_1R11006_FRM101,DT_1R11006_FRM101,DT_1R11006_FRM101,True,DT_1R11006_FRM101,baseline_verified,mapping_confirms_baseline,scored
row2701-c7,row2701,evaluation,comparative,HIGH,DT_1R11006_FRM101,DT_1R11006_FRM101,DT_1R11006_FRM101,True,DT_1R11006_FRM101,baseline_verified,mapping_confirms_baseline,scored
row2701-c8,row2701,evaluation,comparative,LOW,DT_1G18007,DT_1G18007,,False,,unverifiable,no_mapping_applicable,no_gold
row2701-c9,row2701,evaluation,comparative,LOW,DT_1G18007,DT_1G18007,,False,,unverifiable,no_mapping_applicable,no_gold
